-- phpMyAdmin SQL Dump
-- version 4.5.1
-- http://www.phpmyadmin.net
--
-- Host: 127.0.0.1
-- Generation Time: Apr 01, 2017 at 09:44 PM
-- Server version: 10.1.10-MariaDB
-- PHP Version: 7.0.2

SET SQL_MODE = "NO_AUTO_VALUE_ON_ZERO";
SET time_zone = "+00:00";


/*!40101 SET @OLD_CHARACTER_SET_CLIENT=@@CHARACTER_SET_CLIENT */;
/*!40101 SET @OLD_CHARACTER_SET_RESULTS=@@CHARACTER_SET_RESULTS */;
/*!40101 SET @OLD_COLLATION_CONNECTION=@@COLLATION_CONNECTION */;
/*!40101 SET NAMES utf8mb4 */;

--
-- Database: `db_skill_siswa`
--

-- --------------------------------------------------------

--
-- Table structure for table `t_jurusan`
--

CREATE TABLE `t_jurusan` (
  `id_jurusan` int(11) NOT NULL,
  `nama_jurusan` varchar(50) NOT NULL
) ENGINE=InnoDB DEFAULT CHARSET=latin1;

--
-- Dumping data for table `t_jurusan`
--

INSERT INTO `t_jurusan` (`id_jurusan`, `nama_jurusan`) VALUES
(1, 'Teknik Instalasi Tenaga Listrik'),
(2, 'Teknik Audio Video'),
(3, 'Teknik Otomasi Industri'),
(4, 'Teknik Komputer dan Jaringan'),
(5, 'Rekayasa Perangkat Lunak'),
(6, 'Multimedia');

-- --------------------------------------------------------

--
-- Table structure for table `t_kelas`
--

CREATE TABLE `t_kelas` (
  `id_kelas` int(11) NOT NULL,
  `kelas` varchar(20) NOT NULL
) ENGINE=InnoDB DEFAULT CHARSET=latin1;

--
-- Dumping data for table `t_kelas`
--

INSERT INTO `t_kelas` (`id_kelas`, `kelas`) VALUES
(1, 'XII-TITL1'),
(2, 'XII-TITL2'),
(3, 'XII-AVI1'),
(4, 'XII-AVI2'),
(5, 'XII-AVI3'),
(6, 'XII-TOI1'),
(7, 'XII-TOI2'),
(8, 'XII-TKJ1'),
(9, 'XII-RPL1'),
(10, 'XII-RPL2'),
(11, 'XII-RPL3'),
(12, 'XII-MM1');

-- --------------------------------------------------------

--
-- Table structure for table `t_matpel`
--

CREATE TABLE `t_matpel` (
  `id_matpel` int(11) NOT NULL,
  `nama_matpel` varchar(50) NOT NULL
) ENGINE=InnoDB DEFAULT CHARSET=latin1;

-- --------------------------------------------------------

--
-- Table structure for table `t_nilai`
--

CREATE TABLE `t_nilai` (
  `id_nilai` int(11) NOT NULL,
  `nis` varchar(18) NOT NULL,
  `n_mtk` float NOT NULL,
  `n_bind` float NOT NULL,
  `n_bing` float NOT NULL,
  `n_agama` float NOT NULL,
  `n_pkn` float NOT NULL,
  `n_fisika` float NOT NULL,
  `n_kimia` float NOT NULL,
  `n_sosial` float NOT NULL,
  `n_kewirausahaan` float NOT NULL,
  `n_produktif` float NOT NULL,
  `n_olahraga` float NOT NULL,
  `n_kesenian` float NOT NULL
) ENGINE=InnoDB DEFAULT CHARSET=latin1;

--
-- Dumping data for table `t_nilai`
--

INSERT INTO `t_nilai` (`id_nilai`, `nis`, `n_mtk`, `n_bind`, `n_bing`, `n_agama`, `n_pkn`, `n_fisika`, `n_kimia`, `n_sosial`, `n_kewirausahaan`, `n_produktif`, `n_olahraga`, `n_kesenian`) VALUES
(1, '1213114612', 77.1, 79.1, 77.3, 76.4, 78.5, 79.4, 78, 81.9, 79.7, 78.7, 81.5, 79.5),
(2, '1213114613', 76.8, 79.5, 77.7, 77.3, 81.9, 79.5, 78.3, 81.2, 80, 79.5, 81.5, 75),
(3, '1213114614', 78, 80.3, 78.4, 76.9, 83.8, 81, 80.6, 83.8, 82, 79.9, 81.1, 76.5),
(4, '1213114615', 77.5, 80.1, 79.7, 77.4, 84.2, 80.7, 79.5, 81, 79.5, 80.2, 80.6, 75.8),
(5, '1213114616', 83.3, 80, 79.2, 81.8, 85.2, 81.1, 79.5, 83.3, 86.7, 82, 81.6, 75.3),
(6, '1213114617', 77, 79.9, 77.1, 76.6, 84, 81.1, 78.7, 79.9, 78.7, 81.1, 80.2, 75.3),
(7, '1213114618', 87.4, 81.9, 78.6, 81.7, 83.8, 84.3, 80.9, 82.4, 86, 83.5, 83.6, 87),
(8, '1213114619', 87.8, 81.1, 78.4, 78.4, 82.7, 81.4, 80.1, 81.9, 83, 83.2, 82.1, 78),
(9, '1213114620', 77.2, 80, 77.8, 77.9, 79.2, 81.1, 78.7, 79.4, 84.4, 81.2, 81.5, 77.3),
(10, '1213114621', 79.1, 83, 77.8, 81, 80.8, 81.9, 80.1, 80.8, 80.7, 82.8, 83.4, 75),
(11, '1213114622', 88.6, 80.5, 80.2, 81.3, 83.1, 83.7, 80.1, 82.3, 89.7, 85.1, 82.2, 83),
(12, '1213114623', 76.6, 78.5, 76.9, 76.6, 81.3, 80, 77.4, 80.5, 79, 77.8, 80, 76.5),
(13, '1213114625', 75.5, 82.8, 86.3, 77.5, 80.9, 81, 78.5, 77.9, 80.4, 78.8, 80.6, 76.5),
(14, '1213114626', 77.1, 81.9, 77.4, 76.8, 82.4, 79, 77.9, 79.4, 79, 78.4, 78.7, 75),
(15, '1213114628', 78.8, 84.8, 80.4, 80.8, 85.7, 82.8, 81.1, 83, 86.9, 81.5, 81.8, 80.3),
(16, '1213114629', 77.7, 81.1, 78, 76.4, 82, 79.8, 78.9, 80.4, 78.4, 80, 79.7, 78.8),
(17, '1213114630', 76.4, 77.7, 77.2, 76.1, 78, 75.9, 76.4, 76.7, 75.5, 77.5, 75, 77.3),
(18, '1213114631', 80.6, 83.8, 77.8, 78.2, 83.4, 80.6, 79.1, 81.9, 79, 82.6, 84.3, 78.3),
(19, '1213114632', 86.2, 82.1, 80.6, 79.1, 86.3, 80.4, 80.6, 78.3, 87.4, 81.9, 82.5, 79),
(20, '1213114633', 79.6, 79.8, 87.1, 79.6, 85.2, 79.7, 77.8, 77.9, 80.4, 79.3, 84.4, 75.3),
(21, '1213114635', 79.6, 80.2, 79.9, 79.7, 81.4, 80.7, 79.3, 78.5, 85.4, 81.9, 81.9, 76.5),
(22, '1213114636', 76.6, 79.5, 79, 77.3, 81.9, 80.3, 78.4, 77.8, 78.4, 78.5, 81.1, 76),
(23, '1213114637', 79.3, 80.6, 79.9, 84.2, 79.3, 78.9, 78.9, 84.4, 84.4, 83.5, 84.1, 77),
(24, '1213114638', 76.6, 79.8, 77.7, 76.6, 88.1, 79.9, 78.3, 77.4, 80.4, 79.5, 84.8, 76.5),
(25, '1213114639', 76.6, 80, 79.8, 76.6, 80.9, 79.6, 77.7, 77.8, 78.4, 78.7, 81.1, 76.5),
(26, '1213114640', 78.2, 85.5, 79, 78.8, 87, 81.2, 79.6, 78, 79, 80.8, 82.1, 77),
(27, '1213114641', 83.3, 86.3, 82.7, 83, 89.6, 82.6, 79.6, 84.2, 86.4, 82.5, 82.7, 90),
(28, '1213114642', 77.9, 85.6, 79.4, 80.6, 86.6, 81.3, 78.2, 78.7, 83, 81.4, 82.1, 77.5),
(29, '1213114643', 89.1, 84.2, 79.4, 86.2, 87.4, 83.1, 80.9, 84.8, 88.7, 83.2, 84.3, 78.5),
(30, '1213114644', 75.8, 77.7, 78.1, 77.3, 81.1, 79.6, 76.2, 77.9, 82.4, 80.8, 77.4, 76.5),
(31, '1213114645', 76.2, 79.9, 77.9, 76.3, 82.7, 81.2, 78.7, 77, 79.4, 80.8, 82, 79),
(32, '1112114222', 75.6, 78, 76.2, 76.2, 81.9, 79.9, 76.1, 75, 77.5, 77.6, 79.2, 75),
(33, '1213114646', 77.1, 80.5, 78.4, 76.1, 83.6, 80.6, 78.8, 77.9, 78.7, 81.7, 82.7, 77.5),
(34, '1213114648', 76.7, 79.5, 78.2, 77, 83.8, 79.6, 79.5, 79, 81.4, 81.8, 82.2, 75.8),
(35, '1213114649', 75.2, 79.3, 78, 76.3, 78.5, 75.9, 78.6, 76.8, 76.4, 75.9, 77.3, 75),
(36, '1213114651', 77.2, 80, 77.7, 76.3, 82.1, 79.5, 77.8, 79.3, 79.2, 83.2, 81.3, 76.8),
(37, '1213114652', 76, 79.9, 78.1, 77.2, 79, 80.3, 78.3, 77.4, 78.7, 80, 79.9, 76.8),
(38, '1213114653', 78.4, 80.4, 77.9, 78.3, 85.2, 82.1, 80.5, 80.4, 83.7, 82.6, 83, 78.3),
(39, '1213114655', 80.3, 81.2, 78.8, 79.4, 84.1, 82.8, 80.9, 77.3, 82, 86.4, 83.3, 77.8),
(40, '1213114659', 75.9, 79.6, 78.1, 76.5, 78.5, 79.5, 75.7, 76.3, 82, 78, 76.3, 76.5),
(41, '1213114656', 91.5, 82.2, 80.9, 78.1, 83.6, 83.1, 82.3, 77.4, 87.4, 87.8, 81.1, 78.5),
(42, '1213114657', 81.1, 79.9, 78.6, 76.9, 84.4, 80.1, 78.4, 77, 79, 81.1, 80.8, 76.8),
(43, '1213114658', 75.7, 81.3, 78.8, 76.4, 83.7, 82.7, 78.4, 76.9, 82.4, 80.3, 81.9, 76.8),
(44, '1213114660', 75.9, 79.1, 78, 76.6, 77.4, 79.3, 78.2, 76.5, 76.7, 77.8, 75, 79.5),
(45, '1213114661', 80.4, 81.6, 79.1, 77.2, 84.3, 84.3, 80.8, 77.2, 84.7, 84.3, 82.1, 77),
(46, '1213114662', 78.6, 79.9, 90.8, 77.5, 85.5, 80.9, 79.6, 79.9, 83.7, 80.3, 79.5, 78),
(47, '1213114663', 83, 82.2, 88.7, 78.2, 85.5, 83.2, 80.9, 82.9, 90.2, 87.6, 81.3, 79),
(48, '1213114664', 82.8, 83.1, 81.5, 77.5, 85.6, 82.9, 80.2, 82.7, 87, 85.5, 83.7, 80.8),
(49, '1213114665', 83.9, 82, 81.1, 78.7, 85.3, 83.4, 81.3, 81.8, 90.5, 86.1, 82, 90),
(50, '1213114666', 79.9, 81, 83.1, 77.2, 85.5, 81.4, 79.6, 80.7, 80, 81.9, 81.1, 77.8),
(51, '1213114667', 84.7, 82.6, 79.2, 78.1, 85.4, 82.1, 79.9, 81.2, 87.2, 84.5, 84, 90),
(52, '1213114668', 86.1, 79.9, 81, 78.9, 86.1, 82.4, 81.6, 81.7, 85.5, 84.1, 82.6, 79.3),
(53, '1213114669', 81.4, 81.9, 80.8, 77.1, 83.7, 82.8, 78.9, 83.8, 86.2, 81.6, 83.1, 78.8),
(54, '1213114670', 85.1, 83.2, 82.6, 78.1, 86.2, 80.9, 80.6, 83.5, 84, 87.7, 81.8, 77),
(55, '1213114671', 82.9, 81.4, 78.2, 80.1, 85.1, 82.4, 78.5, 84.4, 86.4, 86.2, 82.2, 90),
(56, '1213114672', 95.9, 84.5, 82, 83, 87.4, 84.7, 83.6, 85.5, 88, 89, 85.1, 90),
(57, '1213114677', 75.8, 78.7, 77.6, 76.4, 79.3, 82.3, 76.5, 82.9, 82.9, 78.2, 78.9, 77.3),
(58, '1213114674', 76.2, 79.9, 77.8, 77, 82.8, 79.8, 77.3, 83.8, 81.2, 81.7, 76.5, 76.5),
(59, '1213114675', 78.9, 81.1, 77.2, 81.7, 84.9, 83.1, 79.3, 81.5, 82.2, 82.8, 80.4, 75.8),
(60, '1213114676', 85.1, 83.4, 81.5, 78, 85.2, 82.3, 79.1, 84.4, 86.4, 85, 83.1, 81.5),
(61, '1213114509', 88.6, 83.5, 86.7, 79.6, 85, 80.9, 80.6, 81.9, 87.2, 81.8, 82.6, 88.8),
(62, '1213114510', 82.7, 84.2, 82.3, 77.7, 86.1, 82.1, 80.8, 78.8, 83.2, 81.5, 81.2, 79.3),
(63, '1213114511', 78.3, 83.1, 78.4, 79.2, 84.9, 81.7, 77.8, 78.7, 79.4, 80.4, 84.5, 77.5),
(64, '1213114513', 80.5, 85.3, 79.9, 77.5, 84.4, 79.7, 77.7, 77.2, 84.4, 79.6, 78.6, 80),
(65, '1213114514', 77.3, 80, 77.2, 77, 83.8, 81.1, 79.7, 77.2, 78.4, 78.2, 80.5, 87),
(66, '1213114515', 81.7, 82.6, 78.6, 78.6, 84.8, 80.1, 78.6, 82.8, 80.7, 79.2, 79, 86.3),
(67, '1213114517', 78.4, 80.1, 77.5, 77.1, 84.5, 80.5, 77.9, 77.2, 78.7, 80.3, 77.6, 75),
(68, '1213114518', 82.4, 81.4, 81.1, 78.2, 86, 83.2, 80.8, 79.7, 83.5, 85, 83, 90),
(69, '1213114519', 83.9, 80.6, 82.5, 79.3, 84.4, 82.3, 79.2, 84, 85.5, 81.1, 83.3, 78.3),
(70, '1213114521', 76.1, 80.2, 85.8, 78.8, 83.5, 80.9, 78.5, 78.7, 80.4, 80.1, 81.3, 77.3),
(71, '1213114522', 82.5, 85, 78.6, 80.2, 84.1, 81.6, 79.8, 82.7, 83.7, 81.2, 81.4, 82.5),
(72, '1213114523', 77.7, 83.9, 79.8, 79.3, 84, 80.2, 79.5, 80.8, 78.7, 79.8, 81.5, 77.3),
(73, '1213114524', 84.5, 84.8, 80.3, 82.7, 85.7, 82.9, 80.3, 83.5, 86.9, 82.5, 83.8, 78.8),
(74, '1213114525', 77, 84.3, 81.9, 79.2, 84.1, 81.1, 79, 80.5, 81.7, 80.1, 82.6, 78),
(75, '1213114526', 84, 85.8, 91.3, 79.4, 86, 83.4, 81, 82.8, 86.9, 82.7, 81.4, 90),
(76, '1213114527', 77.2, 82.8, 78.6, 80.2, 83.4, 79.7, 78.7, 76.8, 80.7, 78.7, 77.9, 75),
(77, '1213114528', 92.5, 85.4, 87.2, 84.5, 85.8, 83.6, 82.2, 85.7, 87, 80.8, 84.1, 80),
(78, '1213114529', 80.1, 84.5, 81.3, 79, 86.4, 81.6, 79, 81.7, 81.4, 81.6, 81.7, 78.3),
(79, '1213114530', 80.9, 85.1, 79.4, 78.8, 84.9, 81.6, 78.6, 81, 84.4, 80.5, 81.5, 85.3),
(80, '1213114531', 87.1, 85.3, 82, 80.5, 85.5, 82.6, 80, 85, 86.7, 83.2, 81, 90),
(81, '1213114532', 82.3, 85.1, 81.7, 83.3, 85.6, 82.1, 79.5, 84.3, 86.7, 81.9, 82.3, 80.8),
(82, '1213114533', 77.9, 82.9, 81.3, 77.9, 84.6, 81.2, 79.1, 79.3, 83.4, 78.2, 81.2, 90),
(83, '1213114534', 80.4, 81.4, 79.3, 83.8, 87.2, 81.4, 80.4, 77.8, 82.5, 82, 80.3, 90),
(84, '1213114535', 77, 81.7, 79.7, 76.8, 85.4, 79.8, 78.6, 78.2, 81.2, 80, 77.6, 77.3),
(85, '1213114536', 77.8, 81.6, 84.5, 78.6, 84.4, 81.1, 79, 82.8, 83, 78.6, 81.3, 90),
(86, '1213114538', 75.6, 78.6, 75.9, 77.7, 82.2, 79.6, 80.1, 76.4, 82, 75.9, 75.9, 75.3),
(87, '1213114539', 77.1, 81.6, 79.8, 78.1, 84.1, 81.4, 78.8, 80.7, 79.4, 81.1, 82.7, 75.8),
(88, '1213114540', 78.6, 83.4, 79.9, 80.2, 85.2, 81.6, 79.8, 81, 79.4, 85.3, 82.6, 79.3),
(89, '1213114544', 75, 79.7, 81.4, 76.7, 77.2, 81.3, 77.7, 76.3, 82, 79.2, 75.8, 75),
(90, '1213114546', 91, 83.7, 79.9, 80.6, 87.2, 82.2, 81.7, 83.9, 89.4, 82.4, 79.8, 86.3),
(91, '1213114547', 89.3, 83.5, 82.8, 80.7, 87.5, 83.7, 81.4, 84.3, 89.9, 85, 81, 87.3),
(92, '1213114548', 86.3, 82, 89.2, 81.7, 86.8, 81.4, 80.3, 82.7, 87.5, 84.2, 82.3, 75.8),
(93, '1213114549', 78.4, 79.9, 81.3, 76.8, 82.7, 81.7, 79.7, 77.7, 84, 80.2, 79.5, 75.3),
(94, '1213114550', 77.2, 82, 80.6, 78.1, 84.3, 81.2, 79.7, 80, 83.7, 82.5, 82.2, 76.5),
(95, '1213114551', 80.6, 82, 79.7, 82.1, 84.3, 82.7, 79.6, 80.9, 84.2, 83.6, 82.5, 76.8),
(96, '1213114553', 77.4, 82.4, 81.4, 80, 81.3, 82.9, 79.7, 78.8, 84, 80.9, 80.5, 75),
(97, '1213114554', 76, 79.3, 79.9, 77.5, 82.8, 80, 79.7, 77.5, 83, 77.5, 80, 75),
(98, '1213114555', 90.2, 81.8, 90, 79.7, 85.9, 84.5, 80.8, 82, 86.7, 84.3, 82.8, 78),
(99, '1213114556', 77.2, 81.6, 82.1, 79.1, 84.6, 81.4, 78.9, 77.4, 82, 80.3, 81, 78.8),
(100, '1213114557', 75.2, 79.7, 78.9, 78.9, 77.7, 79.4, 78.8, 76.9, 76.9, 79.7, 80.9, 80.3),
(101, '1213114558', 75.9, 80.7, 80.9, 77.3, 84.7, 80.6, 80.1, 77.3, 77.7, 80.9, 81.3, 78.8),
(102, '1213114559', 87.7, 82.3, 83.9, 81.6, 86.8, 82.6, 80.2, 81.3, 86.7, 84, 81.2, 86.3),
(103, '1213114560', 75.7, 80.8, 82.8, 78.9, 85, 80.8, 78.3, 77.2, 80.5, 79.6, 81.3, 77.3),
(104, '1213114561', 86.3, 82.6, 93.7, 78.3, 86.3, 82.6, 81.2, 81.8, 84.4, 84.6, 82.5, 83.8),
(105, '1213114563', 78.2, 78.2, 79.4, 76.6, 83.6, 80.5, 78.1, 77.3, 84.4, 80, 80.4, 77.3),
(106, '1213114564', 77.1, 78.7, 86.1, 77.4, 83.5, 81.3, 79, 76.9, 81.4, 79.9, 81.1, 77.3),
(107, '1213114565', 82.6, 79.4, 79.4, 79.5, 86.1, 82.4, 80.3, 80.2, 88, 86.3, 83.6, 80.5),
(108, '1213114566', 75.6, 79.9, 77.7, 80.2, 86.8, 80.5, 80.8, 78.4, 82.4, 81, 81.7, 77.3),
(109, '1213114567', 75.9, 78.1, 85.4, 83.4, 83.6, 80.4, 80.1, 77, 80.9, 79.8, 80.5, 75),
(110, '1213114568', 75.3, 78.9, 83.6, 77.4, 83.5, 80.7, 78.9, 76.9, 78.7, 79.2, 80.9, 76.5),
(111, '1213114569', 87.1, 80.2, 83.6, 80.9, 84.8, 83.5, 80, 82.9, 83.5, 84.6, 84, 78.5),
(112, '1213114570', 78.8, 79.8, 79.9, 77.3, 80, 81.1, 78.4, 78.4, 80, 81.7, 82.8, 77.5),
(113, '1213114571', 76.1, 78.4, 77.2, 76.1, 83.1, 78.9, 78.4, 76.3, 78, 78.1, 78.7, 75),
(114, '1213114572', 76.9, 80.2, 78.2, 82.4, 85.1, 80.5, 78.1, 77.2, 78.7, 81.9, 80.5, 77.3),
(115, '1213114573', 76.5, 78.8, 78.1, 76.9, 83.8, 78.2, 78.7, 76.5, 80.4, 78.5, 81.3, 76),
(116, '1213114574', 78.4, 82, 90.9, 80.7, 86.9, 80.1, 78.3, 87.5, 85.4, 81.5, 81.9, 77.3),
(117, '1213114575', 77.4, 80.1, 81.8, 77.9, 79.3, 80.6, 78.6, 78.7, 82.9, 78.3, 79.6, 78.8),
(118, '1213114576', 88.5, 81.6, 82.9, 80.7, 86.4, 83.8, 81.3, 82.5, 87.2, 85.4, 83.2, 78.8),
(119, '1213114577', 75.9, 79.4, 79.9, 76.6, 83.7, 80.9, 78.9, 79.9, 79.4, 80.1, 79.8, 75.3),
(120, '1213114579', 87, 86.8, 82.5, 81, 86, 83.4, 78.8, 82, 82.7, 82.6, 82.4, 79),
(121, '1213114580', 79.9, 82.4, 80.2, 80.8, 82.3, 82.1, 79.7, 82.9, 78.7, 80.4, 83.2, 78),
(122, '1213114581', 79.1, 83, 79.4, 76.2, 81, 80.4, 78.7, 79.2, 77.4, 79.6, 82.3, 77.5),
(123, '1213114582', 81.3, 86.3, 82.6, 79.6, 87, 81.3, 79.1, 83.3, 86.2, 80.4, 81.7, 78.5),
(124, '1213114583', 80.7, 82.7, 78.9, 76.5, 81.2, 82.4, 77.9, 80.3, 79.7, 81.3, 82.7, 76.8),
(125, '1213114584', 88.2, 86.5, 81.4, 79.9, 82.4, 83.9, 80.8, 81.2, 87.2, 82.8, 83.8, 78),
(126, '1213114585', 80.1, 81.8, 79.9, 77, 78.9, 81.5, 77.9, 80.2, 77.4, 80, 81, 76.3),
(127, '1213114586', 78.8, 83.7, 86.6, 80.8, 88.4, 81.9, 80.1, 79.4, 82.9, 81.8, 81.6, 90),
(128, '1213114587', 77.6, 81.3, 80.5, 79.4, 82.1, 82.4, 78.6, 76.9, 78.4, 80.9, 76.5, 86.3),
(129, '1213114588', 79.8, 84.1, 88.3, 81.5, 83, 83.4, 80.9, 81, 84.5, 81.6, 81.7, 78.8),
(130, '1213114589', 95, 84.4, 82.2, 80.6, 81.2, 86.9, 82.5, 81.9, 88.2, 85.4, 81.1, 85),
(131, '1213114590', 77.7, 82.8, 85, 80.9, 83.2, 82.4, 81.3, 80.4, 83, 80.3, 81.7, 76),
(132, '1213114591', 89.1, 79.9, 83.1, 79.4, 79.8, 84.2, 80.3, 82.4, 82, 83.2, 82.3, 79.3),
(133, '1213114592', 78.9, 80.3, 85.9, 78.8, 86.4, 79.4, 78.6, 77.2, 84, 79.7, 79.8, 76.5),
(134, '1213114594', 79.2, 80.2, 81.3, 80.1, 80.8, 83.7, 80, 79.9, 81, 81.9, 81.5, 87),
(135, '1213114595', 77, 81.7, 85.3, 79.3, 81, 80.7, 79.1, 80.7, 84.2, 78.7, 81.3, 87.3),
(136, '1213114596', 76.1, 79.5, 78.7, 77.4, 85.6, 80.8, 79.1, 76.7, 76.4, 78.7, 81.9, 75.3),
(137, '1213114597', 82.4, 82.3, 91.3, 78.8, 82.7, 82, 79.4, 80.5, 86.4, 80.6, 81.6, 79.5),
(138, '1213114600', 78.2, 78.8, 79.7, 77.1, 86.9, 83, 80.7, 76.2, 78.7, 78.7, 82.9, 77.3),
(139, '1213114601', 80.6, 80.8, 86.8, 82.2, 83.6, 83.2, 79.7, 81.2, 83.7, 82.4, 83.5, 77.3),
(140, '1213114602', 77.7, 79.2, 79.4, 76.5, 81, 82, 78.3, 80.4, 80.4, 80.3, 82.5, 77.5),
(141, '1213114604', 78.4, 80.3, 77.5, 76.5, 79.7, 81.7, 79.2, 79.4, 83.7, 80.2, 81.3, 78),
(142, '1213114606', 83.2, 81.9, 79.9, 84.2, 82.1, 83.7, 80.6, 82.9, 87.4, 82.4, 83.5, 87),
(143, '1213114607', 86.4, 84.4, 79.4, 80.1, 82.3, 82.9, 79.9, 81.2, 82, 83.7, 83.3, 81),
(144, '1213114608', 76.8, 82.8, 76.7, 76.6, 80.5, 81.5, 78.4, 81.8, 78.7, 78.5, 81.7, 76.5),
(145, '1213114609', 76.2, 81.7, 76, 75.7, 79.5, 79.5, 76.6, 76.2, 81.4, 76.8, 80.8, 75),
(146, '1213114610', 86.9, 84.1, 89.1, 81.2, 82.6, 86.5, 82.1, 82.3, 85.5, 83.4, 81.7, 78.8),
(147, '1213114611', 76.4, 83.4, 75.7, 80.6, 79.5, 79.2, 76.8, 79, 80.5, 78, 82.1, 76.5),
(148, '1213114678', 75.2, 79.3, 78.9, 76.1, 77.2, 78.8, 77.4, 80.7, 83.5, 82.5, 80.3, 75.3),
(149, '1213114679', 78.4, 81.3, 83.5, 78.2, 83.3, 80, 77.3, 77.2, 82.9, 81.8, 80.5, 75),
(150, '1213114681', 80.1, 80, 81.4, 77.9, 86, 82.4, 79.5, 79, 82.9, 85.3, 81.6, 79),
(151, '1213114683', 76, 78.4, 76.9, 76.4, 76.2, 77.8, 78, 80, 75.9, 77.4, 75, 75.8),
(152, '1213114684', 84.2, 81.6, 83.5, 79.1, 86.1, 82.2, 80, 79, 81.9, 85.7, 81.4, 76.3),
(153, '1213114685', 85, 82.6, 78.9, 79.1, 87.5, 81.4, 79.7, 83.9, 85.5, 85.6, 81.9, 77),
(154, '1213114686', 85.2, 81.2, 84, 78.8, 85.6, 83.8, 79.3, 84.9, 87.9, 88.4, 79.8, 77.8),
(155, '1213114687', 79, 80.2, 79.1, 79.7, 82.3, 80.4, 79.4, 78.3, 83, 83.5, 80.5, 77.3),
(156, '1213114689', 79.1, 81.4, 80.5, 80.8, 84.2, 82.1, 78.7, 80.9, 83.7, 84.8, 82, 77.8),
(157, '1213114690', 81.3, 80.7, 78.8, 79.4, 82.9, 80.4, 79.1, 80.2, 80.7, 85.3, 81.9, 78.8),
(158, '1213114692', 83.1, 81.7, 80.8, 78.6, 85.2, 81.5, 77.9, 79.9, 84.7, 86.8, 79.9, 77.5),
(159, '1213114693', 78.1, 83.7, 78.5, 77.7, 79.5, 80.2, 77.8, 78.4, 76.7, 80.8, 80.6, 75),
(160, '1213114694', 78.9, 84.2, 82.4, 80.1, 85.4, 80.3, 78.3, 79.9, 79.5, 81.7, 83.7, 78),
(161, '1213114695', 86.2, 85.4, 83.3, 80.7, 84.6, 82.5, 78.8, 81.9, 86.7, 84.2, 84, 75.8),
(162, '1213114696', 85.3, 84.7, 92.8, 77.9, 85.6, 83.7, 81, 80.5, 83.7, 86.1, 80.8, 81),
(163, '1213114697', 79, 84, 81.2, 78.9, 83.6, 80.9, 78.3, 80.9, 79.7, 79.8, 81.5, 77.5),
(164, '1213114698', 83.7, 88, 90.3, 81.6, 85.9, 83.4, 79.4, 81.4, 86.7, 82.5, 81.9, 90),
(165, '1213114699', 80.4, 81.8, 79.8, 80.4, 84.5, 82.4, 78.6, 82, 81.4, 82.1, 81.8, 78.8),
(166, '1213114700', 88.6, 81.6, 78.4, 81, 85.6, 80.9, 80.1, 78.4, 82.2, 81.6, 81.9, 78.8),
(167, '1213114702', 83.1, 81.2, 79.9, 79.4, 84.4, 81.5, 79.2, 79.9, 83, 82.8, 83.2, 90),
(168, '1213114701', 75.9, 79, 81.7, 79.3, 77, 80.4, 78.6, 78.4, 78.9, 78.7, 79.6, 77.8),
(169, '1213114704', 78.2, 79, 78.1, 76.8, 83.4, 81.2, 79.7, 79.7, 78.9, 80.2, 78.5, 77.3),
(170, '1213114706', 85.4, 83.4, 81.7, 79.1, 86.4, 82.6, 80.8, 81.8, 86.5, 83.5, 82.5, 79),
(171, '1213114707', 82.5, 80, 80.7, 79.8, 85.7, 81.3, 81, 78.3, 79.4, 86.1, 82.3, 79),
(172, '1213114708', 80.9, 82, 79.9, 80.8, 85.2, 82.3, 81.1, 78.7, 85.2, 80.9, 81.2, 79),
(173, '1213114709', 75.4, 77, 76.7, 76.2, 80, 78.5, 76.4, 76.4, 76.4, 79.1, 80.1, 75),
(174, '1213114710', 81.4, 81.1, 79.9, 82.3, 85.5, 82, 80.3, 78.8, 82.4, 81.1, 84, 77.3),
(175, '1213114711', 84.9, 81.2, 80.4, 79.9, 86, 81.2, 79.5, 77.8, 81.5, 84.8, 80.3, 82.5),
(176, '1213114712', 75.4, 78.9, 85.2, 79.2, 83.1, 79.5, 80.1, 76.7, 80.2, 78.2, 81.7, 75),
(177, '1213114713', 79.4, 84.1, 84.5, 77.7, 81.1, 79.4, 78.6, 81.9, 78.4, 79.1, 81.1, 78),
(178, '1213114714', 81.1, 86.3, 82.9, 81.1, 85.5, 81.5, 80.7, 81.2, 86.4, 83, 81.6, 78),
(179, '1213114715', 77.7, 84.8, 80.6, 78.9, 84.1, 81.3, 80.1, 80.8, 79, 81.5, 82.9, 75.3),
(180, '1213114716', 79.5, 84, 80.7, 79.2, 83, 81.3, 79.5, 80.2, 84.4, 82.5, 81.8, 77.8),
(181, '1213114719', 77.7, 83.7, 82.6, 77.7, 82.7, 79.4, 78.6, 77.8, 84.4, 81.3, 79.4, 76),
(182, '1213114720', 79.3, 84.3, 80, 79.8, 85.9, 80.8, 79.8, 80, 82.7, 82.7, 83.2, 75.3),
(183, '1213114721', 79.1, 85, 81.4, 79.3, 84.3, 80.9, 79.9, 80.5, 82.4, 83.8, 81.1, 76.8),
(184, '1213114722', 84.6, 86, 89.7, 79.3, 85, 82.5, 80.2, 81.5, 86.9, 86.1, 81.3, 80.8),
(185, '1213114723', 93.9, 88, 88.2, 83, 83.2, 82.8, 82.1, 81.5, 88.4, 85.1, 84.1, 79.8),
(186, '1213114724', 80.8, 85.5, 83.8, 77.9, 84.4, 82.3, 80, 81, 82.5, 85.4, 82.7, 77.8),
(187, '1213114725', 81.9, 85.7, 83.2, 79, 81.3, 80.6, 81, 80.3, 84.7, 83.9, 80.8, 90),
(188, '1213114726', 79.2, 84.4, 81, 79.1, 85, 80.7, 80.3, 80.5, 83.4, 82.3, 81.5, 77),
(189, '1213114727', 88.2, 87.3, 83.2, 79.1, 84.9, 82.6, 81.4, 82.2, 87.2, 82.1, 83.5, 83.3),
(190, '1213114728', 79.7, 82.9, 81.8, 83.3, 85.2, 80.6, 78.7, 78.7, 82.4, 83.8, 80.8, 79.5),
(191, '1213114729', 82.2, 83, 81.7, 78, 80.4, 79.1, 79.7, 80.4, 80.9, 82.3, 80.3, 75.5),
(192, '1213114730', 78.1, 81.4, 76.6, 76.9, 80.3, 78, 78.1, 78.3, 76.2, 79.7, 81.3, 75),
(193, '1213114731', 78.4, 83, 82.1, 79, 78.5, 79, 79.3, 79.2, 84, 81.6, 80.5, 78.8),
(194, '1213114732', 77.8, 81.8, 81.5, 78.1, 83.8, 80.3, 80.6, 82.3, 84.2, 85.7, 81.4, 77),
(195, '1213114733', 79.3, 83.8, 79.4, 76.7, 81, 80.5, 80.5, 81.4, 81.7, 84.2, 80.1, 76.8),
(196, '1213114734', 76.7, 81.5, 81.9, 77.8, 84, 78.5, 79.5, 80, 82.5, 81.8, 79.3, 75.3),
(197, '1213114735', 80.3, 82.4, 80.1, 76.5, 81.2, 78.7, 80.8, 79, 79.1, 79.6, 79.2, 75),
(198, '1213114736', 80.9, 83.4, 85.6, 78.4, 85.5, 81.7, 79.7, 79.7, 85.2, 83.3, 82.2, 82.5),
(199, '1213114737', 79.3, 82.1, 81.4, 77.7, 83.9, 79.5, 80.1, 82.4, 79, 82.4, 80.2, 78.5),
(200, '1213114738', 77.6, 80.1, 81.2, 76.2, 82.4, 78.6, 76.4, 76.9, 78.4, 77.3, 79.1, 76.8),
(201, '1213114739', 80.1, 81.4, 79.9, 79.5, 81, 79.8, 77.2, 80.7, 79.7, 82.8, 79, 76.5),
(202, '1213114740', 95.3, 84.8, 87.6, 81.5, 86.2, 86.9, 83.5, 86.3, 89.7, 88.8, 82.4, 90),
(203, '1213114741', 81.1, 80.9, 80.8, 77.8, 82.9, 80.2, 80.6, 81, 80.7, 83.6, 80.8, 78.8),
(204, '1213114742', 77.3, 80.9, 81.2, 77.6, 77.5, 80.8, 80.8, 80.3, 80.2, 80.1, 79.8, 78.5),
(205, '1213114743', 94.6, 82.5, 82.8, 81.9, 86.4, 84.8, 81.5, 81.3, 86.7, 84.8, 84, 81.8),
(206, '1213114745', 85.1, 84.4, 84.2, 80.2, 84.9, 83.8, 82.1, 81.8, 87.2, 85.8, 82.9, 90),
(207, '1213114746', 83.3, 81.9, 84.2, 83.2, 86.2, 81.1, 81.2, 82.5, 89, 86.7, 82.4, 88.3),
(208, '1213114747', 93.8, 83.9, 85.3, 83.7, 87.4, 84.5, 83.9, 82.3, 92, 91.4, 82.4, 89),
(209, '1213114748', 78.8, 79.1, 76.9, 76.7, 80.6, 79.6, 79, 81.5, 80, 81.1, 82.3, 75),
(210, '1213114749', 82.4, 80.8, 83.6, 79.7, 84.2, 82.9, 80, 82, 86.4, 84.9, 82, 86),
(211, '1213114750', 89.3, 83.9, 84.4, 82.4, 86.9, 83.2, 82.2, 82.8, 91, 88.1, 83.3, 88.5),
(212, '1213114751', 81.7, 81.8, 84.7, 79.5, 86.4, 82.7, 80.5, 81, 85, 84.5, 81, 83),
(213, '1213114752', 84, 81.3, 82.6, 78.5, 85.2, 81.4, 81.4, 80.7, 84, 81.9, 80.2, 87.8),
(214, '1213114753', 82.8, 83.9, 86.4, 80.3, 88.5, 83.9, 80.8, 83.8, 87.4, 84.8, 83.3, 78.3),
(215, '1213114754', 82.5, 84.7, 82.3, 83.8, 87.4, 81.1, 81.3, 84.7, 88.4, 83.9, 80.8, 87.8),
(216, '1213114755', 75, 79.3, 77, 76.1, 83.8, 79.9, 76.9, 79.9, 79.2, 76.6, 80.1, 85),
(217, '1213114756', 83.7, 81.9, 82.2, 82.4, 85.7, 81.4, 81.7, 80.9, 82.9, 86.1, 82.3, 77.3),
(218, '1213114757', 90.3, 83.3, 85.4, 80.3, 85, 83.3, 82.4, 82.2, 85.4, 86.1, 82.3, 88.5),
(219, '1213114758', 86.8, 82.8, 85.7, 82.2, 88.4, 82.6, 82.6, 85.3, 90.2, 88.3, 82.5, 89.8),
(220, '1213114759', 85.9, 83.3, 82.9, 79.9, 86.7, 84.4, 83.2, 82.4, 85.7, 89.7, 83.8, 86.3),
(221, '1213114760', 84.7, 84, 84.8, 83.3, 85.6, 81.6, 81.7, 81.4, 86.2, 85.5, 83.1, 80.3),
(222, '1213114761', 83.2, 85.2, 81.9, 83.6, 85.6, 83, 82.6, 84.4, 85.5, 84.3, 83.8, 88.8),
(223, '1213114762', 85.7, 84.1, 82.5, 80.4, 86.7, 82.5, 81.4, 81.2, 87.2, 85.9, 83.5, 88),
(224, '1213114763', 81.2, 83.6, 82.2, 82.5, 86.9, 82.3, 80.9, 86, 81.9, 83.7, 82.5, 85.8),
(225, '1213114764', 93.7, 87.3, 85.4, 81.7, 88.7, 82.8, 82.3, 87.4, 90.7, 89.5, 82.9, 89.8),
(226, '1213114765', 78.4, 84.9, 82.7, 77, 80.4, 83, 79.2, 79, 82.5, 80.6, 81.9, 77.3),
(227, '1213114766', 80.7, 83.2, 83.2, 78.5, 86.3, 81.9, 80.8, 81.5, 82.9, 83.5, 82.9, 88),
(228, '1112114352', 77.4, 79.4, 76.1, 77.1, 79.4, 81.3, 78.4, 76.9, 79.4, 78.7, 79.2, 75.3),
(229, '1213114767', 94.5, 85.4, 83.7, 83.2, 90.7, 82.5, 83.2, 88.3, 89.4, 90.4, 82.3, 90),
(230, '1213114768', 80.5, 86.2, 83.2, 82, 86.7, 84.7, 81.9, 82.2, 83.9, 84.5, 84.5, 90),
(231, '1213114769', 79.6, 83.5, 82.4, 79.8, 86, 82, 81.6, 82.5, 85.4, 85.7, 81.6, 79.8),
(232, '1213114770', 95.1, 86.7, 88.7, 80.8, 89, 85.1, 83.1, 85.8, 90, 89.5, 82, 90),
(233, '1213114771', 86.7, 85.8, 88.8, 82.3, 87.7, 82.4, 82.8, 86.5, 87.9, 88.6, 82.3, 88.8),
(234, '1213114772', 85.9, 84.9, 85.6, 81.2, 86.7, 83.7, 81.6, 84, 89, 88, 82.2, 81),
(235, '1213114773', 82.5, 83.3, 84.7, 81.7, 85.5, 82.6, 79.9, 81, 84.9, 84.1, 82.9, 85.5),
(236, '1213114774', 82.8, 84.9, 83.2, 81.2, 86.6, 83.3, 81.5, 85.5, 86.9, 87, 82.1, 86.3),
(237, '1213114775', 81.8, 84.4, 81.7, 80.6, 84.8, 82, 80.5, 81, 86.2, 84, 83.6, 87.8),
(238, '1213114776', 75, 79.6, 78.9, 77, 80.9, 78.5, 76.8, 80.3, 79, 77.7, 77.6, 80.8),
(239, '1213114777', 84.5, 83.3, 85.1, 81.7, 85.9, 82.9, 82, 85.4, 86, 83.7, 80.5, 87.8),
(240, '1213114778', 81.9, 83.3, 82.8, 78.8, 85.8, 83.1, 80.6, 80.9, 84, 85.7, 81.8, 86.3),
(241, '1213114779', 85.6, 81.9, 82.7, 79.3, 86.6, 81.8, 82.6, 82.5, 83.7, 84.6, 82.5, 88),
(242, '1213114780', 81.7, 83.4, 82.7, 77.8, 85.5, 83.2, 81, 83.3, 83.7, 85.1, 83.6, 88.3),
(243, '1213114781', 95.3, 85.8, 88.2, 84.9, 87.4, 84.8, 84.5, 89.2, 93.7, 86, 83.5, 88.5),
(244, '1213114782', 81.3, 87.4, 83, 81.3, 80.7, 82.8, 81.5, 84.7, 89, 85.6, 83.2, 81.5),
(245, '1213114783', 84, 85.5, 82.9, 82.4, 78.8, 82, 82.6, 82.5, 84, 84.8, 82, 78.5),
(246, '1213114784', 85.9, 85, 83.7, 80.5, 85.6, 84.9, 80.8, 84.3, 89.9, 87.2, 82.6, 79.3),
(247, '1213114785', 85.9, 85.4, 82.8, 81.1, 81, 81.8, 82.8, 80.9, 82, 84.4, 81.7, 81),
(248, '1213114786', 81.3, 81.8, 85.6, 81.7, 77.6, 81.2, 81.9, 78.4, 86, 84.9, 83, 79),
(249, '1213114787', 84.3, 83.9, 79.9, 79.8, 79.6, 81.8, 80.1, 79, 78.9, 84.3, 82.6, 84.3),
(250, '1213114928', 82.3, 85.5, 82.9, 79.8, 80, 82.9, 82, 79.8, 93, 90.6, 80.3, 82.8),
(251, '1213114788', 87.6, 83.9, 80.7, 81.7, 85.7, 82.4, 82.1, 82.8, 83.9, 83.1, 81.8, 84.3),
(252, '1213114789', 78.6, 82.5, 81.3, 79, 85, 80.1, 79.9, 80.5, 84.2, 89, 81.4, 78.3),
(253, '1213114790', 93, 81.7, 82.6, 81.3, 85, 82.4, 84, 81.8, 85.9, 86, 82.2, 81),
(254, '1213114791', 84.6, 82.9, 79.4, 79.4, 80.7, 83.2, 80.7, 79, 87.4, 82.9, 84.4, 76.5),
(255, '1213114792', 78.8, 84.8, 78.8, 79.5, 80.3, 81.2, 80.1, 78.9, 78.9, 80.4, 81.9, 78.5),
(256, '1213114793', 82.8, 83.4, 83.6, 77.3, 86.5, 83.8, 81.4, 81, 86.9, 86.2, 81.8, 84.3),
(257, '1213114794', 89.8, 85.6, 84, 83.4, 86.2, 82, 81.1, 86.7, 88, 84.3, 83.1, 83.3),
(258, '1213114795', 84.1, 85.3, 452.3, 79.4, 77.8, 83, 80.1, 80, 85.9, 84.6, 81.5, 78.3),
(259, '1213114796', 81.5, 81.9, 82.4, 77.2, 81, 80, 80.7, 78.5, 79.5, 81.3, 79.2, 76.5),
(260, '1213114797', 87.7, 86.6, 83.1, 82.8, 90.2, 83.6, 81.7, 81.5, 90.9, 85.6, 83, 80.5),
(261, '1213114798', 82, 83.3, 82.7, 79.2, 81, 80.4, 79.7, 78.8, 81.4, 83, 81.5, 77),
(262, '1213114799', 86.2, 85.9, 83, 81.1, 80.2, 83.7, 81.1, 81.3, 87.7, 85.2, 81.2, 79.3),
(263, '1213114800', 84.1, 83.8, 85.9, 82.4, 81.3, 83.9, 82, 79.3, 83.4, 84, 80.9, 84.5),
(264, '1213114802', 87.5, 85.3, 85.7, 80.3, 78.5, 82.2, 80.7, 84.3, 89.9, 85.5, 82.6, 78.3),
(265, '1213114801', 89.2, 85.5, 83.1, 80.9, 82.4, 84.1, 83.4, 85.2, 88, 84.8, 83.8, 87),
(266, '1213114804', 79.8, 83.9, 79.4, 78.5, 83.5, 81.5, 76.5, 80.2, 81.7, 83.5, 82.5, 77),
(267, '1213114803', 81.1, 82.1, 78.6, 77.6, 79.5, 80.6, 81, 77.7, 80.2, 84.1, 82.3, 78),
(268, '1213114805', 83.2, 85.2, 81.5, 82.2, 78.3, 80.9, 81.7, 86.2, 86.9, 83.1, 82.4, 77.5),
(269, '1213114806', 85.7, 86.1, 81.9, 82.2, 81.1, 82.2, 81.2, 82.3, 82.9, 87.3, 81.2, 76.8),
(270, '1213114807', 84.3, 86.1, 83.7, 82, 79.3, 82.8, 82.4, 86.8, 83.7, 86, 82, 79.8),
(271, '1213114808', 87.6, 84.9, 81.6, 85.1, 82.1, 82.4, 81.3, 87.9, 87.4, 83.8, 81.4, 90),
(272, '1213114809', 84.1, 85.5, 81.4, 80.8, 77.3, 82.8, 80.9, 82.9, 84, 85.1, 83, 80.8),
(273, '1213114810', 83.8, 82.4, 80.3, 77.6, 79.3, 81, 81.1, 76.9, 79.4, 82.2, 81, 76.8),
(274, '1213114811', 88.2, 82.8, 82.7, 83, 82.9, 81.2, 81, 78.9, 85.9, 82.6, 81.5, 80.3),
(275, '1213114812', 90.4, 84.7, 80.8, 80.2, 80.4, 83.2, 82.4, 87.2, 89.4, 85.6, 83.6, 81.8),
(276, '1213114813', 88.2, 84.7, 82, 83.8, 78.6, 83.5, 80.5, 85, 83.9, 84.9, 82.2, 90),
(277, '1213114814', 89.3, 85.1, 85.7, 83.7, 85.2, 83.2, 82.3, 82.9, 88.2, 87.4, 84.4, 83.8),
(278, '1213114815', 80.7, 82.2, 82.8, 80.4, 81.4, 82.1, 80.4, 76.9, 79, 83, 82.4, 77.5),
(279, '1213114816', 81, 82.8, 81.1, 76.9, 79.4, 81.1, 79.6, 79.4, 79, 83.1, 80.8, 77.5),
(280, '1213114817', 89.7, 85.9, 82.5, 80.6, 81, 81.8, 81.4, 86, 85.4, 85, 83.7, 77.8),
(281, '1213114818', 77.9, 81.8, 84, 79, 83.8, 81.2, 78, 78.4, 78, 81.8, 78.2, 78.3),
(282, '1213114819', 84.6, 82.1, 82.9, 80.4, 81, 82, 80.7, 79.2, 85, 85.8, 80.7, 79.5),
(283, '1213114820', 77.6, 80.5, 81, 78, 84.5, 78.8, 80.5, 78, 80.7, 82.1, 79.8, 77.3),
(284, '1213114821', 76.9, 80.8, 79.1, 79.4, 79.8, 82.2, 79.6, 78.8, 78.7, 82.2, 82.8, 75),
(285, '1213114822', 78.8, 81.8, 79.8, 78.2, 80.7, 81, 81.3, 77.8, 80.4, 83.2, 82.3, 75.3),
(286, '1213114823', 81.8, 81.4, 79.7, 79.9, 86.4, 81.8, 80.5, 79.4, 86.2, 83.5, 79.2, 78.5),
(287, '1213114824', 80.4, 83, 80.4, 80.6, 79.7, 81.2, 80.4, 79.7, 78.4, 81.9, 81.8, 77.3),
(288, '1213114825', 84.6, 87.1, 81.1, 82, 88.6, 83, 82.4, 82.5, 88, 82.5, 81.7, 81),
(289, '1213114826', 92.7, 85.2, 82.7, 81.9, 83.7, 82.6, 84, 82.2, 86.9, 83.8, 83, 78.5),
(290, '1213114827', 76.3, 81.7, 78.2, 76.4, 77.8, 79.6, 78.9, 79.9, 82, 81.6, 80.5, 75),
(291, '1112114448', 76.3, 81.2, 78.5, 75.9, 80, 78.7, 77.7, 75.1, 78.1, 78.5, 78.7, 75.3),
(292, '1213114828', 77.7, 82.5, 78.5, 78.2, 80.6, 80, 78.7, 78.2, 82.4, 80.8, 80.1, 75),
(293, '1213114829', 86.4, 87.5, 81.9, 81.3, 83, 82.1, 79.9, 82.8, 80.9, 85.8, 81.4, 90),
(294, '1213114831', 84.9, 83.5, 82.9, 81.2, 80.6, 83.6, 80.6, 80.5, 84.7, 83.3, 79.4, 87.8),
(295, '1213114832', 83.6, 85.2, 85.7, 82.4, 82.5, 80.6, 79.7, 85.9, 82, 84.3, 81.1, 83.3),
(296, '1213114833', 89.7, 84.9, 88.7, 81.2, 87.8, 85.3, 81.3, 81.4, 90, 87.6, 81.1, 79.3),
(297, '1213114834', 80, 84.1, 81.3, 81.9, 85.5, 81.2, 80.5, 82.4, 78.7, 82.1, 81.7, 78),
(298, '1213114835', 78.7, 83.7, 80.6, 80.5, 80.5, 81.9, 80.1, 83.7, 84.7, 85.2, 79.4, 77.8),
(299, '1213114836', 81.6, 85.4, 79.9, 82.7, 82.8, 82.4, 79.3, 85.3, 84.5, 83.4, 83.7, 81.5),
(300, '1213114837', 82, 81.7, 86.9, 81.9, 80.3, 83.3, 80.5, 82, 88.2, 84.1, 79.2, 75),
(301, '1213114838', 78.9, 84.4, 84.4, 79.7, 82.9, 80.7, 81.1, 80.8, 80.2, 83.7, 80, 78.3),
(302, '1213114839', 80.3, 81.7, 81.9, 79, 86.8, 80.9, 80.6, 78.5, 84.4, 81.5, 81.6, 77.5),
(303, '1213114840', 89.7, 83.9, 79.6, 81.2, 80.2, 82.7, 80.8, 81.5, 80.4, 81.5, 80, 79),
(304, '1213114841', 80.4, 83.5, 78.2, 81.5, 87.5, 82.3, 79.9, 82.4, 86.2, 84.8, 81.8, 78),
(305, '1213114842', 81.5, 82.6, 81.6, 79.6, 80.5, 81.9, 80.8, 79.2, 79.5, 82.6, 80.3, 77.5),
(306, '1213114843', 76.2, 82.2, 80.9, 77, 83.8, 82, 80, 79.3, 84.5, 83.5, 80.7, 75.3),
(307, '1213114844', 82.3, 82.1, 83.6, 79.5, 81.8, 81.6, 81.3, 81.7, 79.7, 82, 83.6, 76.3),
(308, '1213114845', 82.4, 84.9, 82.9, 81.6, 86.1, 84.5, 82.2, 81.5, 90.2, 86.2, 82.4, 79),
(309, '1213114846', 88.1, 84.5, 79.2, 84.6, 81.3, 82.1, 81.8, 80.9, 80.4, 83.1, 79.3, 90),
(310, '1213114847', 76.9, 81, 81.2, 78.1, 86.6, 82.8, 79.6, 81.8, 84.5, 81.5, 81.4, 77.8),
(311, '1213114848', 87.1, 82.1, 80.5, 82.6, 81.5, 82.8, 82.1, 82.9, 81.5, 85.8, 81.8, 75),
(312, '1213114849', 76.4, 81.4, 82.3, 80.3, 80.5, 82.2, 79.2, 80.8, 80.5, 83.6, 80.6, 75),
(313, '1213114850', 87.9, 84, 83.4, 82.9, 88.3, 83.1, 82.4, 81.3, 88, 87.5, 82.1, 79.5),
(314, '1213114851', 77.4, 81.5, 79.2, 79.7, 82.2, 81.3, 79.7, 78.2, 81.9, 84.3, 83.1, 76.3),
(315, '1213114852', 87, 82.5, 79.5, 80.3, 79.9, 82.2, 82.1, 79.4, 83.2, 89.2, 82.3, 78.5),
(316, '1213114853', 77.6, 81.2, 79.2, 76.8, 83.8, 83.9, 80.2, 79, 79.7, 83.3, 81.5, 76.5),
(317, '1213114855', 92.4, 80, 89.8, 79.9, 80.9, 82.4, 81.3, 79.2, 88, 89.4, 82, 78.8),
(318, '1213114857', 78.9, 80.8, 87.1, 81.3, 83.9, 83.5, 80.3, 77.2, 82, 84.8, 80, 83.8),
(319, '1213114858', 80.5, 81.8, 83.7, 78.1, 80, 80.3, 82.1, 78.2, 78.7, 84.1, 81.2, 76),
(320, '1213114859', 76.1, 80.7, 84.8, 76.6, 79, 81.9, 77.9, 79.2, 81, 79, 80, 75),
(321, '1213114860', 83, 81.6, 85.5, 82.4, 81.4, 83.1, 83, 79.5, 79.9, 85.3, 82.7, 77.5),
(322, '1213114861', 80.4, 81.2, 84.2, 79.5, 81.7, 83.7, 79.4, 80, 78.7, 83.3, 83.5, 82),
(323, '1213114862', 81.2, 84.2, 86.2, 79.7, 81.7, 81.1, 77.9, 80.8, 81.5, 85.3, 81.9, 75.8),
(324, '1213114863', 75.6, 81.2, 86.4, 76.9, 82.7, 82.4, 79.6, 78.7, 79.7, 79.4, 81.4, 76.8),
(325, '1213114864', 79.8, 81.1, 84.2, 82.2, 79.6, 82.1, 80, 78.7, 79.5, 86.3, 82.4, 76.8),
(326, '1213114865', 78.5, 80.6, 83.1, 79.6, 80.4, 81.6, 80.2, 78.5, 83.4, 80, 82.4, 76.8),
(327, '1213114866', 96.2, 82.8, 87.2, 85.4, 80.4, 84, 83.5, 82, 88.9, 89.4, 83.3, 87.5),
(328, '1213114867', 81.9, 82.7, 81.7, 82.2, 83.1, 82.1, 80, 77.5, 81.7, 80.7, 80.8, 84.8),
(329, '1213114868', 84.3, 83.3, 86.2, 83.1, 84.6, 82.1, 80.4, 80.9, 80.4, 86, 82.3, 77.5),
(330, '1213114870', 80.4, 83.4, 84.2, 82.3, 82.2, 82.2, 79.2, 81.8, 83.7, 81.2, 82.3, 77.3),
(331, '1213114871', 88.3, 86.7, 90.5, 87.2, 91.7, 83, 83.2, 87.8, 90.4, 87.5, 83.6, 89.5),
(332, '1213114872', 80.1, 83.7, 82.3, 80.6, 85, 80.9, 78.4, 80.9, 81.7, 81.6, 82.1, 76.5),
(333, '1213114873', 86.6, 83.9, 85.4, 82.1, 83.5, 84, 80, 81.5, 86.4, 87, 81.8, 79),
(334, '1213114874', 82.6, 82.8, 83.8, 81.4, 81.7, 83.3, 78.4, 82.2, 83.7, 81.8, 80.6, 76.8),
(335, '1213114875', 85.8, 81.7, 85, 80.7, 80.6, 82.5, 81, 79.9, 82.4, 84.2, 81, 90),
(336, '1213114876', 78.7, 79.4, 81.4, 78.9, 80.6, 81, 78.9, 78.5, 80.7, 83.4, 81.6, 75.8),
(337, '1213114877', 76.4, 80.3, 81.6, 79.8, 81.2, 79.8, 78.8, 79.7, 79.4, 80.2, 81.5, 75.8),
(338, '1213114878', 81.1, 83, 83, 79.8, 82, 82.8, 78.5, 81.4, 83.7, 87.3, 80.9, 77.5),
(339, '1213114879', 77.2, 80.3, 82.2, 78.7, 81.3, 79.9, 77.8, 77.3, 80.4, 79.7, 81.3, 75.8),
(340, '1213114880', 78.4, 80.6, 82.3, 77.5, 79.2, 81.8, 78.5, 77.8, 80.4, 83.7, 79.3, 75.8),
(341, '1213114881', 78.7, 80.3, 84.2, 80, 80, 80, 80, 78.9, 82.4, 83.6, 81.3, 77.3),
(342, '1213114882', 77, 82, 80.6, 79.9, 80.9, 81.7, 78.6, 78.9, 81.4, 81, 80.2, 82.8),
(343, '1213114883', 78.4, 82.7, 81.5, 80.9, 80.2, 81.5, 80.3, 79.8, 81.9, 82.7, 81.7, 86.3),
(344, '1213114884', 77.9, 81.5, 81.2, 81.2, 82.4, 82.1, 79.2, 78.8, 82.4, 82.8, 81.5, 78.8),
(345, '1213114885', 76.8, 80.8, 81, 79.3, 80, 79.8, 78.8, 79.7, 79.4, 79.1, 79.5, 76.5),
(346, '1213114886', 77.6, 80.5, 80.8, 78.6, 81.6, 82.8, 79.3, 79.7, 80.4, 81.2, 81, 76.5),
(347, '1213114887', 76.7, 80.7, 78, 80.6, 80.1, 81.1, 77.2, 79.3, 79, 79.4, 81.8, 76),
(348, '1213114888', 75.2, 79.4, 78.9, 77, 81.8, 81, 76.7, 77.5, 77.4, 78.4, 79.9, 76),
(349, '1213114889', 75.3, 80.9, 77.8, 78.5, 78.9, 79.8, 76.4, 79, 79.4, 78.1, 79.5, 75),
(350, '1213114890', 77.7, 81, 80.3, 76.4, 80.7, 81.8, 78.8, 79.2, 80, 80.3, 81.6, 77.3),
(351, '1213114891', 82, 84.5, 82.5, 82.1, 82.9, 82.1, 79.3, 81.5, 80.7, 87.8, 83.4, 78.5),
(352, '1213114892', 76, 81.9, 80.6, 77.4, 79.6, 82.6, 76.5, 81, 79, 81.2, 80.5, 77.8),
(353, '1213114893', 76.2, 82.2, 79.3, 76.9, 82.6, 79.1, 79, 78, 76, 80.5, 79.2, 76.5),
(354, '1213114894', 75.9, 80.9, 79.2, 78.1, 79.9, 79.9, 77.9, 80.4, 87, 79, 80.3, 76),
(355, '1213114895', 77.7, 81.3, 81.2, 77.8, 83.4, 83, 78.8, 81.4, 81.4, 83.1, 81.6, 76.3),
(356, '1213114896', 80.2, 82.1, 84.3, 81.1, 81.3, 81, 82, 87.7, 87, 84.8, 81.8, 78.5),
(357, '1213114897', 76.9, 80.1, 81.4, 77.4, 83.2, 81, 79.3, 77.2, 76.2, 83.4, 81.2, 75.8),
(358, '1213114898', 78.8, 81.3, 81.4, 79.9, 80.7, 82.8, 78.4, 81.3, 78.4, 83.6, 81.2, 75),
(359, '1213114899', 76.2, 81.5, 78.3, 78.7, 81.9, 79, 78.8, 79.8, 78, 81.7, 80.1, 76.5),
(360, '1213114900', 76.3, 80.6, 78.6, 79, 80.5, 80.5, 78.2, 78.5, 75.9, 80.1, 78.6, 75),
(361, '1213114901', 75, 80.5, 80.9, 76.5, 82.2, 80, 77.9, 78.2, 76, 82.2, 78.4, 75),
(362, '1213114902', 76.6, 81, 78.4, 78.1, 80, 81.2, 78.8, 79.4, 75.9, 79.1, 80.4, 75.3),
(363, '1213114903', 76.5, 80.3, 77.1, 76.2, 81.3, 78.6, 78.7, 77.9, 77, 81, 79.5, 75),
(364, '1213114904', 79.8, 81.1, 82.2, 78.9, 79.2, 80.5, 80, 79.9, 78.7, 85.7, 79.4, 82.5),
(365, '1213114905', 80.8, 82.6, 83.2, 82, 81.5, 80.8, 79, 80.7, 80, 86, 80.4, 82.8),
(366, '1213114906', 84.2, 82.1, 81.7, 80.2, 81.1, 82.9, 80.4, 84, 87.4, 83.1, 82.8, 80.5),
(367, '1213114907', 88.3, 84.1, 82.4, 81.6, 87.4, 82, 80.6, 82.7, 85.4, 81.2, 82.7, 79.5),
(368, '1213114908', 80.4, 83.4, 81, 81.5, 83.1, 83.8, 79.7, 83.7, 90, 81.5, 81.9, 78),
(369, '1213114909', 86.8, 84.4, 81.9, 80.5, 85, 83.1, 80.7, 83.4, 87, 81.5, 81.3, 77),
(370, '1213114911', 83.7, 83.6, 82.9, 79.3, 82.9, 84, 81.7, 82.2, 89.4, 82.6, 82.7, 79.5),
(371, '1213114910', 82.9, 81.5, 79.4, 81.9, 82.6, 80.2, 78.8, 79, 83.7, 82.3, 79.8, 77.3),
(372, '1213114912', 80.9, 82.1, 80.7, 81.9, 81.1, 82.9, 79.5, 82, 85, 82.1, 82.2, 78),
(373, '1112114498', 76.4, 79.8, 76.7, 75.8, 80.7, 77.1, 76.9, 75.6, 77.4, 76.4, 80.7, 75.3),
(374, '1213114913', 77.9, 81.1, 82, 81.5, 83.9, 82.5, 81.4, 80.3, 81.7, 80.9, 83.2, 77.3),
(375, '1213114914', 85.1, 82.4, 77.6, 81.9, 80.4, 79.5, 79.5, 78.5, 82.5, 83.4, 82.1, 78.8),
(376, '1213114915', 81, 80.6, 82.7, 81.5, 80.5, 83.4, 80.4, 83.2, 88.5, 83.4, 80.8, 77),
(377, '1213114916', 83.1, 80.6, 80.6, 82.1, 80.5, 81.8, 78.7, 82, 85, 80.9, 83.4, 78.3),
(378, '1213114917', 77.7, 80.4, 77.9, 77.5, 80.3, 79.7, 78.7, 79.2, 82.4, 81.9, 81.4, 78.8),
(379, '1213114918', 79.1, 81.3, 78.6, 78.9, 81.1, 79, 78.9, 80, 83.4, 79.3, 82.2, 75.8),
(380, '1213114920', 77.6, 82.3, 76.9, 79.1, 80.4, 80.5, 78.4, 79.3, 82, 79.9, 82, 77),
(381, '1213114921', 79, 81.2, 80.8, 84.2, 84.5, 81.1, 79.8, 78.7, 81, 84.9, 81.5, 76.8),
(382, '1213114922', 80.4, 83.7, 82.7, 82.2, 82.5, 82.5, 81.2, 82.7, 90.4, 85.4, 82, 76),
(383, '1213114923', 87.5, 85.6, 82.4, 83.2, 81.9, 82, 82.7, 82.5, 86.4, 84.3, 81.1, 78.8),
(384, '1213114925', 78.5, 81.1, 81.3, 81.1, 80.2, 82, 80.9, 78.9, 83, 83.8, 81.4, 75),
(385, '1213114926', 82, 84.4, 81.7, 82.9, 83.4, 82.8, 81.9, 81.5, 86.5, 82.5, 82.3, 78.8);

-- --------------------------------------------------------

--
-- Table structure for table `t_nilaisiswa`
--

CREATE TABLE `t_nilaisiswa` (
  `nis` varchar(15) NOT NULL,
  `nama` varchar(100) NOT NULL,
  `kelas` varchar(20) NOT NULL,
  `n_agama` float NOT NULL,
  `n_bind` float NOT NULL,
  `n_bing` float NOT NULL,
  `n_fisika` float NOT NULL,
  `n_kesenian` float NOT NULL,
  `n_kewirausahaan` float NOT NULL,
  `n_kimia` float NOT NULL,
  `n_mtk` float NOT NULL,
  `n_olahraga` float NOT NULL,
  `n_pkn` float NOT NULL,
  `n_produktif` float NOT NULL,
  `n_sosial` float NOT NULL
) ENGINE=InnoDB DEFAULT CHARSET=latin1;

--
-- Dumping data for table `t_nilaisiswa`
--

INSERT INTO `t_nilaisiswa` (`nis`, `nama`, `kelas`, `n_agama`, `n_bind`, `n_bing`, `n_fisika`, `n_kesenian`, `n_kewirausahaan`, `n_kimia`, `n_mtk`, `n_olahraga`, `n_pkn`, `n_produktif`, `n_sosial`) VALUES
('1112114222', 'AKBAR WIDIARTHA PUTRA', 'XII-TITL2', 76.2, 78, 76.2, 79.9, 75, 77.5, 76.1, 75.6, 79.2, 81.9, 77.6, 75),
('1112114352', 'RIO KURNIA RAMDHAN', 'XII-TKJ1', 77.1, 79.4, 76.1, 81.3, 75.3, 79.4, 78.4, 77.4, 79.2, 79.4, 78.7, 76.9),
('1112114448', 'GIANDA CIPUTRA', 'XII-RPL2', 75.9, 81.2, 78.5, 78.7, 75.3, 78.1, 77.7, 76.3, 78.7, 80, 78.5, 75.1),
('1112114498', 'MUHAMMAD YUSUF ', 'XII-MM1', 75.8, 79.8, 76.7, 77.1, 75.3, 77.4, 76.9, 76.4, 80.7, 80.7, 76.4, 75.6),
('1213114509', 'ADITHIA RIZKY PRABOWO', 'XII-AVI1', 79.6, 83.5, 86.7, 80.9, 88.8, 87.2, 80.6, 88.6, 82.6, 85, 81.8, 81.9),
('1213114510', 'AGUNG RAKHMADI', 'XII-AVI1', 77.7, 84.2, 82.3, 82.1, 79.3, 83.2, 80.8, 82.7, 81.2, 86.1, 81.5, 78.8),
('1213114511', 'ALFAYED GUSTIAWAN', 'XII-AVI1', 79.2, 83.1, 78.4, 81.7, 77.5, 79.4, 77.8, 78.3, 84.5, 84.9, 80.4, 78.7),
('1213114513', 'AMBAR NAFA NISA', 'XII-AVI1', 77.5, 85.3, 79.9, 79.7, 80, 84.4, 77.7, 80.5, 78.6, 84.4, 79.6, 77.2),
('1213114514', 'ARIF NUR IHSAN', 'XII-AVI1', 77, 80, 77.2, 81.1, 87, 78.4, 79.7, 77.3, 80.5, 83.8, 78.2, 77.2),
('1213114515', 'CINTIA INTAN TAMALA', 'XII-AVI1', 78.6, 82.6, 78.6, 80.1, 86.3, 80.7, 78.6, 81.7, 79, 84.8, 79.2, 82.8),
('1213114517', 'DENNIL SYAHRUL', 'XII-AVI1', 77.1, 80.1, 77.5, 80.5, 75, 78.7, 77.9, 78.4, 77.6, 84.5, 80.3, 77.2),
('1213114518', 'DERIK RIYANTO', 'XII-AVI1', 78.2, 81.4, 81.1, 83.2, 90, 83.5, 80.8, 82.4, 83, 86, 85, 79.7),
('1213114519', 'ERIK HARDIANSYAH', 'XII-AVI1', 79.3, 80.6, 82.5, 82.3, 78.3, 85.5, 79.2, 83.9, 83.3, 84.4, 81.1, 84),
('1213114521', 'FADHIL AHMAD NAUFAL', 'XII-AVI1', 78.8, 80.2, 85.8, 80.9, 77.3, 80.4, 78.5, 76.1, 81.3, 83.5, 80.1, 78.7),
('1213114522', 'FREDY PRATAMA', 'XII-AVI1', 80.2, 85, 78.6, 81.6, 82.5, 83.7, 79.8, 82.5, 81.4, 84.1, 81.2, 82.7),
('1213114523', 'GUSTI MUHAMMAD ALDIANSYAH', 'XII-AVI1', 79.3, 83.9, 79.8, 80.2, 77.3, 78.7, 79.5, 77.7, 81.5, 84, 79.8, 80.8),
('1213114524', 'HARISTIO SANJAYA', 'XII-AVI1', 82.7, 84.8, 80.3, 82.9, 78.8, 86.9, 80.3, 84.5, 83.8, 85.7, 82.5, 83.5),
('1213114525', 'INDRA SAELAN', 'XII-AVI1', 79.2, 84.3, 81.9, 81.1, 78, 81.7, 79, 77, 82.6, 84.1, 80.1, 80.5),
('1213114526', 'KEVIN FASHA MUHAMMAD NUGRAHA', 'XII-AVI1', 79.4, 85.8, 91.3, 83.4, 90, 86.9, 81, 84, 81.4, 86, 82.7, 82.8),
('1213114527', 'MIRA JUHARYATI', 'XII-AVI1', 80.2, 82.8, 78.6, 79.7, 75, 80.7, 78.7, 77.2, 77.9, 83.4, 78.7, 76.8),
('1213114528', 'NADYA MARDHOTILLAH', 'XII-AVI1', 84.5, 85.4, 87.2, 83.6, 80, 87, 82.2, 92.5, 84.1, 85.8, 80.8, 85.7),
('1213114529', 'NAUFAL LUTHFI AZIZ D', 'XII-AVI1', 79, 84.5, 81.3, 81.6, 78.3, 81.4, 79, 80.1, 81.7, 86.4, 81.6, 81.7),
('1213114530', 'NIKO TRIANTO', 'XII-AVI1', 78.8, 85.1, 79.4, 81.6, 85.3, 84.4, 78.6, 80.9, 81.5, 84.9, 80.5, 81),
('1213114531', 'NISRINA SALSABILA', 'XII-AVI1', 80.5, 85.3, 82, 82.6, 90, 86.7, 80, 87.1, 81, 85.5, 83.2, 85),
('1213114532', 'NURSITA SARI ANGGRAENI', 'XII-AVI1', 83.3, 85.1, 81.7, 82.1, 80.8, 86.7, 79.5, 82.3, 82.3, 85.6, 81.9, 84.3),
('1213114533', 'PRATAMA PUTRA', 'XII-AVI1', 77.9, 82.9, 81.3, 81.2, 90, 83.4, 79.1, 77.9, 81.2, 84.6, 78.2, 79.3),
('1213114534', 'PUSPA ANGRAENI', 'XII-AVI1', 83.8, 81.4, 79.3, 81.4, 90, 82.5, 80.4, 80.4, 80.3, 87.2, 82, 77.8),
('1213114535', 'RAKA SEPTIANA PUTRA', 'XII-AVI1', 76.8, 81.7, 79.7, 79.8, 77.3, 81.2, 78.6, 77, 77.6, 85.4, 80, 78.2),
('1213114536', 'REGIA RIZKI PERTIWI', 'XII-AVI1', 78.6, 81.6, 84.5, 81.1, 90, 83, 79, 77.8, 81.3, 84.4, 78.6, 82.8),
('1213114538', 'RIZKI WACHYUDIN', 'XII-AVI1', 77.7, 78.6, 75.9, 79.6, 75.3, 82, 80.1, 75.6, 75.9, 82.2, 75.9, 76.4),
('1213114539', 'RIZKY SAMUDERA', 'XII-AVI1', 78.1, 81.6, 79.8, 81.4, 75.8, 79.4, 78.8, 77.1, 82.7, 84.1, 81.1, 80.7),
('1213114540', 'SOBUR', 'XII-AVI1', 80.2, 83.4, 79.9, 81.6, 79.3, 79.4, 79.8, 78.6, 82.6, 85.2, 85.3, 81),
('1213114544', 'AGUNG SAPUTRA', 'XII-AVI2', 76.7, 79.7, 81.4, 81.3, 75, 82, 77.7, 75, 75.8, 77.2, 79.2, 76.3),
('1213114546', 'ANGGI NURSILVIANI', 'XII-AVI2', 80.6, 83.7, 79.9, 82.2, 86.3, 89.4, 81.7, 91, 79.8, 87.2, 82.4, 83.9),
('1213114547', 'ARIP ARIPIN', 'XII-AVI2', 80.7, 83.5, 82.8, 83.7, 87.3, 89.9, 81.4, 89.3, 81, 87.5, 85, 84.3),
('1213114548', 'BAYU SETIAWAN', 'XII-AVI2', 81.7, 82, 89.2, 81.4, 75.8, 87.5, 80.3, 86.3, 82.3, 86.8, 84.2, 82.7),
('1213114549', 'CHANDRA ADI PUTRA', 'XII-AVI2', 76.8, 79.9, 81.3, 81.7, 75.3, 84, 79.7, 78.4, 79.5, 82.7, 80.2, 77.7),
('1213114550', 'DICKY MOCHAMAD RIZAL', 'XII-AVI2', 78.1, 82, 80.6, 81.2, 76.5, 83.7, 79.7, 77.2, 82.2, 84.3, 82.5, 80),
('1213114551', 'ERIN RINTANA SOLEH', 'XII-AVI2', 82.1, 82, 79.7, 82.7, 76.8, 84.2, 79.6, 80.6, 82.5, 84.3, 83.6, 80.9),
('1213114553', 'FARHAN FATHURACHMAN A', 'XII-AVI2', 80, 82.4, 81.4, 82.9, 75, 84, 79.7, 77.4, 80.5, 81.3, 80.9, 78.8),
('1213114554', 'FAUZAN HIZARKASIH', 'XII-AVI2', 77.5, 79.3, 79.9, 80, 75, 83, 79.7, 76, 80, 82.8, 77.5, 77.5),
('1213114555', 'GALANG ACHMAD PAIZAL', 'XII-AVI2', 79.7, 81.8, 90, 84.5, 78, 86.7, 80.8, 90.2, 82.8, 85.9, 84.3, 82),
('1213114556', 'HUSNA RAHMAN FAUZI', 'XII-AVI2', 79.1, 81.6, 82.1, 81.4, 78.8, 82, 78.9, 77.2, 81, 84.6, 80.3, 77.4),
('1213114557', 'IMAM ABDUL MALIK', 'XII-AVI2', 78.9, 79.7, 78.9, 79.4, 80.3, 76.9, 78.8, 75.2, 80.9, 77.7, 79.7, 76.9),
('1213114558', 'INDRA PERMANA', 'XII-AVI2', 77.3, 80.7, 80.9, 80.6, 78.8, 77.7, 80.1, 75.9, 81.3, 84.7, 80.9, 77.3),
('1213114559', 'ITA ROBIAH ADAWIAH', 'XII-AVI2', 81.6, 82.3, 83.9, 82.6, 86.3, 86.7, 80.2, 87.7, 81.2, 86.8, 84, 81.3),
('1213114560', 'KAHFI MOHAMAD BINTANG', 'XII-AVI2', 78.9, 80.8, 82.8, 80.8, 77.3, 80.5, 78.3, 75.7, 81.3, 85, 79.6, 77.2),
('1213114561', 'MEIJI RIDHO SAPUTRA', 'XII-AVI2', 78.3, 82.6, 93.7, 82.6, 83.8, 84.4, 81.2, 86.3, 82.5, 86.3, 84.6, 81.8),
('1213114563', 'MOHAMMAD ADYTIA SUHUD', 'XII-AVI2', 76.6, 78.2, 79.4, 80.5, 77.3, 84.4, 78.1, 78.2, 80.4, 83.6, 80, 77.3),
('1213114564', 'MUHAMAD SANDI PERMANA', 'XII-AVI2', 77.4, 78.7, 86.1, 81.3, 77.3, 81.4, 79, 77.1, 81.1, 83.5, 79.9, 76.9),
('1213114565', 'MUHAMMAD RIDWAN WAHYUDIN', 'XII-AVI2', 79.5, 79.4, 79.4, 82.4, 80.5, 88, 80.3, 82.6, 83.6, 86.1, 86.3, 80.2),
('1213114566', 'NUR HASANAH', 'XII-AVI2', 80.2, 79.9, 77.7, 80.5, 77.3, 82.4, 80.8, 75.6, 81.7, 86.8, 81, 78.4),
('1213114567', 'PASCALIS ELFAN', 'XII-AVI2', 83.4, 78.1, 85.4, 80.4, 75, 80.9, 80.1, 75.9, 80.5, 83.6, 79.8, 77),
('1213114568', 'RAKA AKBARI', 'XII-AVI2', 77.4, 78.9, 83.6, 80.7, 76.5, 78.7, 78.9, 75.3, 80.9, 83.5, 79.2, 76.9),
('1213114569', 'REZA EKA ALFARISI', 'XII-AVI2', 80.9, 80.2, 83.6, 83.5, 78.5, 83.5, 80, 87.1, 84, 84.8, 84.6, 82.9),
('1213114570', 'RIZKY TAUFIK FIRDZIAWAN', 'XII-AVI2', 77.3, 79.8, 79.9, 81.1, 77.5, 80, 78.4, 78.8, 82.8, 80, 81.7, 78.4),
('1213114571', 'SAMPURNA SYAHRUL RAMADHAN', 'XII-AVI2', 76.1, 78.4, 77.2, 78.9, 75, 78, 78.4, 76.1, 78.7, 83.1, 78.1, 76.3),
('1213114572', 'SARAH YUNIAR', 'XII-AVI2', 82.4, 80.2, 78.2, 80.5, 77.3, 78.7, 78.1, 76.9, 80.5, 85.1, 81.9, 77.2),
('1213114573', 'SETIAWAN JORDY', 'XII-AVI2', 76.9, 78.8, 78.1, 78.2, 76, 80.4, 78.7, 76.5, 81.3, 83.8, 78.5, 76.5),
('1213114574', 'SYAID AHMAD FAHRI', 'XII-AVI2', 80.7, 82, 90.9, 80.1, 77.3, 85.4, 78.3, 78.4, 81.9, 86.9, 81.5, 87.5),
('1213114575', 'TEGUH PRAYOGA', 'XII-AVI2', 77.9, 80.1, 81.8, 80.6, 78.8, 82.9, 78.6, 77.4, 79.6, 79.3, 78.3, 78.7),
('1213114576', 'YOGI MUHAMMAD AGUSTIRA', 'XII-AVI2', 80.7, 81.6, 82.9, 83.8, 78.8, 87.2, 81.3, 88.5, 83.2, 86.4, 85.4, 82.5),
('1213114577', 'ZIAN FIKRI', 'XII-AVI2', 76.6, 79.4, 79.9, 80.9, 75.3, 79.4, 78.9, 75.9, 79.8, 83.7, 80.1, 79.9),
('1213114579', 'AGUNG ISMOYO', 'XII-AVI3', 81, 86.8, 82.5, 83.4, 79, 82.7, 78.8, 87, 82.4, 86, 82.6, 82),
('1213114580', 'AGUS SOPIAN', 'XII-AVI3', 80.8, 82.4, 80.2, 82.1, 78, 78.7, 79.7, 79.9, 83.2, 82.3, 80.4, 82.9),
('1213114581', 'ANGGA SEPTIAN', 'XII-AVI3', 76.2, 83, 79.4, 80.4, 77.5, 77.4, 78.7, 79.1, 82.3, 81, 79.6, 79.2),
('1213114582', 'ANISA FAUZIAH', 'XII-AVI3', 79.6, 86.3, 82.6, 81.3, 78.5, 86.2, 79.1, 81.3, 81.7, 87, 80.4, 83.3),
('1213114583', 'ARIEL ANGGRAWAN ORTEGA', 'XII-AVI3', 76.5, 82.7, 78.9, 82.4, 76.8, 79.7, 77.9, 80.7, 82.7, 81.2, 81.3, 80.3),
('1213114584', 'CANDRA ABU ROJAB', 'XII-AVI3', 79.9, 86.5, 81.4, 83.9, 78, 87.2, 80.8, 88.2, 83.8, 82.4, 82.8, 81.2),
('1213114585', 'DAHLAN ISKANDAR', 'XII-AVI3', 77, 81.8, 79.9, 81.5, 76.3, 77.4, 77.9, 80.1, 81, 78.9, 80, 80.2),
('1213114586', 'DESI MAHARTIKA', 'XII-AVI3', 80.8, 83.7, 86.6, 81.9, 90, 82.9, 80.1, 78.8, 81.6, 88.4, 81.8, 79.4),
('1213114587', 'DESI NUR WULAN', 'XII-AVI3', 79.4, 81.3, 80.5, 82.4, 86.3, 78.4, 78.6, 77.6, 76.5, 82.1, 80.9, 76.9),
('1213114588', 'DEWITA NUR UTAMI', 'XII-AVI3', 81.5, 84.1, 88.3, 83.4, 78.8, 84.5, 80.9, 79.8, 81.7, 83, 81.6, 81),
('1213114589', 'ERWIN SETIAWAN', 'XII-AVI3', 80.6, 84.4, 82.2, 86.9, 85, 88.2, 82.5, 95, 81.1, 81.2, 85.4, 81.9),
('1213114590', 'FINKA NOVIANTI SUKIRMAN', 'XII-AVI3', 80.9, 82.8, 85, 82.4, 76, 83, 81.3, 77.7, 81.7, 83.2, 80.3, 80.4),
('1213114591', 'GAMA ANGGADIPA PRATAMA', 'XII-AVI3', 79.4, 79.9, 83.1, 84.2, 79.3, 82, 80.3, 89.1, 82.3, 79.8, 83.2, 82.4),
('1213114592', 'HARITS FIRMANSYAH', 'XII-AVI3', 78.8, 80.3, 85.9, 79.4, 76.5, 84, 78.6, 78.9, 79.8, 86.4, 79.7, 77.2),
('1213114594', 'IKA NURHASANAH', 'XII-AVI3', 80.1, 80.2, 81.3, 83.7, 87, 81, 80, 79.2, 81.5, 80.8, 81.9, 79.9),
('1213114595', 'INDRI RAHAYU', 'XII-AVI3', 79.3, 81.7, 85.3, 80.7, 87.3, 84.2, 79.1, 77, 81.3, 81, 78.7, 80.7),
('1213114596', 'JAUHAR DUDAYEV', 'XII-AVI3', 77.4, 79.5, 78.7, 80.8, 75.3, 76.4, 79.1, 76.1, 81.9, 85.6, 78.7, 76.7),
('1213114597', 'KRISTI AYUDIA', 'XII-AVI3', 78.8, 82.3, 91.3, 82, 79.5, 86.4, 79.4, 82.4, 81.6, 82.7, 80.6, 80.5),
('1213114600', 'MOHAMAD KEMAL GHIFFARI', 'XII-AVI3', 77.1, 78.8, 79.7, 83, 77.3, 78.7, 80.7, 78.2, 82.9, 86.9, 78.7, 76.2),
('1213114601', 'MUHAMAD FAISAL', 'XII-AVI3', 82.2, 80.8, 86.8, 83.2, 77.3, 83.7, 79.7, 80.6, 83.5, 83.6, 82.4, 81.2),
('1213114602', 'MUHAMMAD ICHSAN ANWAR SALMAN', 'XII-AVI3', 76.5, 79.2, 79.4, 82, 77.5, 80.4, 78.3, 77.7, 82.5, 81, 80.3, 80.4),
('1213114604', 'RIZKY GUMILAR RAMADHAN', 'XII-AVI3', 76.5, 80.3, 77.5, 81.7, 78, 83.7, 79.2, 78.4, 81.3, 79.7, 80.2, 79.4),
('1213114606', 'SHOFI FAUZI NURADIANA', 'XII-AVI3', 84.2, 81.9, 79.9, 83.7, 87, 87.4, 80.6, 83.2, 83.5, 82.1, 82.4, 82.9),
('1213114607', 'SYACHRUL MALIK IBRAHIM', 'XII-AVI3', 80.1, 84.4, 79.4, 82.9, 81, 82, 79.9, 86.4, 83.3, 82.3, 83.7, 81.2),
('1213114608', 'TAOPIK ZAELANI', 'XII-AVI3', 76.6, 82.8, 76.7, 81.5, 76.5, 78.7, 78.4, 76.8, 81.7, 80.5, 78.5, 81.8),
('1213114609', 'TRISNA NUGRAHA', 'XII-AVI3', 75.7, 81.7, 76, 79.5, 75, 81.4, 76.6, 76.2, 80.8, 79.5, 76.8, 76.2),
('1213114610', 'YUSUF GUTARA', 'XII-AVI3', 81.2, 84.1, 89.1, 86.5, 78.8, 85.5, 82.1, 86.9, 81.7, 82.6, 83.4, 82.3),
('1213114611', 'ZIAR AJI IBRAHIM', 'XII-AVI3', 80.6, 83.4, 75.7, 79.2, 76.5, 80.5, 76.8, 76.4, 82.1, 79.5, 78, 79),
('1213114612', 'AGY KURNIA', 'XII-TITL1', 76.4, 79.1, 77.3, 79.4, 79.5, 79.7, 78, 77.1, 81.5, 78.5, 78.7, 81.9),
('1213114613', 'BAGAS PURNAMA', 'XII-TITL1', 77.3, 79.5, 77.7, 79.5, 75, 80, 78.3, 76.8, 81.5, 81.9, 79.5, 81.2),
('1213114614', 'CAHYADI AGUSTINE', 'XII-TITL1', 76.9, 80.3, 78.4, 81, 76.5, 82, 80.6, 78, 81.1, 83.8, 79.9, 83.8),
('1213114615', 'CAHYO PAMBUDI', 'XII-TITL1', 77.4, 80.1, 79.7, 80.7, 75.8, 79.5, 79.5, 77.5, 80.6, 84.2, 80.2, 81),
('1213114616', 'DANI RAMDANI', 'XII-TITL1', 81.8, 80, 79.2, 81.1, 75.3, 86.7, 79.5, 83.3, 81.6, 85.2, 82, 83.3),
('1213114617', 'DEDEN ALI SAID', 'XII-TITL1', 76.6, 79.9, 77.1, 81.1, 75.3, 78.7, 78.7, 77, 80.2, 84, 81.1, 79.9),
('1213114618', 'DEFI YANTI', 'XII-TITL1', 81.7, 81.9, 78.6, 84.3, 87, 86, 80.9, 87.4, 83.6, 83.8, 83.5, 82.4),
('1213114619', 'DERI NUGI NUGRAHA', 'XII-TITL1', 78.4, 81.1, 78.4, 81.4, 78, 83, 80.1, 87.8, 82.1, 82.7, 83.2, 81.9),
('1213114620', 'EKI KURNIAWAN', 'XII-TITL1', 77.9, 80, 77.8, 81.1, 77.3, 84.4, 78.7, 77.2, 81.5, 79.2, 81.2, 79.4),
('1213114621', 'FADLI MAULANA AKBAR', 'XII-TITL1', 81, 83, 77.8, 81.9, 75, 80.7, 80.1, 79.1, 83.4, 80.8, 82.8, 80.8),
('1213114622', 'FEBRIAN LUTFI PRAMANDA', 'XII-TITL1', 81.3, 80.5, 80.2, 83.7, 83, 89.7, 80.1, 88.6, 82.2, 83.1, 85.1, 82.3),
('1213114623', 'GILANG RAMADHAN', 'XII-TITL1', 76.6, 78.5, 76.9, 80, 76.5, 79, 77.4, 76.6, 80, 81.3, 77.8, 80.5),
('1213114625', 'IRSAN FAHTURAHMAN', 'XII-TITL1', 77.5, 82.8, 86.3, 81, 76.5, 80.4, 78.5, 75.5, 80.6, 80.9, 78.8, 77.9),
('1213114626', 'IRWAN HERMANSYAH', 'XII-TITL1', 76.8, 81.9, 77.4, 79, 75, 79, 77.9, 77.1, 78.7, 82.4, 78.4, 79.4),
('1213114628', 'MOCHAMAD TEGAR KARNAIN', 'XII-TITL1', 80.8, 84.8, 80.4, 82.8, 80.3, 86.9, 81.1, 78.8, 81.8, 85.7, 81.5, 83),
('1213114629', 'MOHAMAD RIDWAN', 'XII-TITL1', 76.4, 81.1, 78, 79.8, 78.8, 78.4, 78.9, 77.7, 79.7, 82, 80, 80.4),
('1213114630', 'MUFQI ARROSYIDATUL MAJID', 'XII-TITL1', 76.1, 77.7, 77.2, 75.9, 77.3, 75.5, 76.4, 76.4, 75, 78, 77.5, 76.7),
('1213114631', 'MUHAMAD BILLY', 'XII-TITL1', 78.2, 83.8, 77.8, 80.6, 78.3, 79, 79.1, 80.6, 84.3, 83.4, 82.6, 81.9),
('1213114632', 'MUHAMMAD ICHSANUDIN', 'XII-TITL1', 79.1, 82.1, 80.6, 80.4, 79, 87.4, 80.6, 86.2, 82.5, 86.3, 81.9, 78.3),
('1213114633', 'OXA FIANA FIRDAUS', 'XII-TITL1', 79.6, 79.8, 87.1, 79.7, 75.3, 80.4, 77.8, 79.6, 84.4, 85.2, 79.3, 77.9),
('1213114635', 'RIFQI FADILATUL AZMI', 'XII-TITL1', 79.7, 80.2, 79.9, 80.7, 76.5, 85.4, 79.3, 79.6, 81.9, 81.4, 81.9, 78.5),
('1213114636', 'RIZQIN RASYADI', 'XII-TITL1', 77.3, 79.5, 79, 80.3, 76, 78.4, 78.4, 76.6, 81.1, 81.9, 78.5, 77.8),
('1213114637', 'RONI KURNIAWAN', 'XII-TITL1', 84.2, 80.6, 79.9, 78.9, 77, 84.4, 78.9, 79.3, 84.1, 79.3, 83.5, 84.4),
('1213114638', 'SALMAN PRASETYO', 'XII-TITL1', 76.6, 79.8, 77.7, 79.9, 76.5, 80.4, 78.3, 76.6, 84.8, 88.1, 79.5, 77.4),
('1213114639', 'SANDY MARDIANSYAH', 'XII-TITL1', 76.6, 80, 79.8, 79.6, 76.5, 78.4, 77.7, 76.6, 81.1, 80.9, 78.7, 77.8),
('1213114640', 'SATRIA LESMANA', 'XII-TITL1', 78.8, 85.5, 79, 81.2, 77, 79, 79.6, 78.2, 82.1, 87, 80.8, 78),
('1213114641', 'SHIFANA ZAHRA NUR I', 'XII-TITL1', 83, 86.3, 82.7, 82.6, 90, 86.4, 79.6, 83.3, 82.7, 89.6, 82.5, 84.2),
('1213114642', 'VANI TRI PALENTINA', 'XII-TITL1', 80.6, 85.6, 79.4, 81.3, 77.5, 83, 78.2, 77.9, 82.1, 86.6, 81.4, 78.7),
('1213114643', 'WILDAN NASRULLOH', 'XII-TITL1', 86.2, 84.2, 79.4, 83.1, 78.5, 88.7, 80.9, 89.1, 84.3, 87.4, 83.2, 84.8),
('1213114644', 'YAYANG ANWARI YUANDHITRA', 'XII-TITL1', 77.3, 77.7, 78.1, 79.6, 76.5, 82.4, 76.2, 75.8, 77.4, 81.1, 80.8, 77.9),
('1213114645', 'ACHMAD FAIZAL ARFASAD', 'XII-TITL2', 76.3, 79.9, 77.9, 81.2, 79, 79.4, 78.7, 76.2, 82, 82.7, 80.8, 77),
('1213114646', 'BARAN MULYANA', 'XII-TITL2', 76.1, 80.5, 78.4, 80.6, 77.5, 78.7, 78.8, 77.1, 82.7, 83.6, 81.7, 77.9),
('1213114648', 'DEDEN SANDI KURNIAWAN', 'XII-TITL2', 77, 79.5, 78.2, 79.6, 75.8, 81.4, 79.5, 76.7, 82.2, 83.8, 81.8, 79),
('1213114649', 'DENI SAPUTRA', 'XII-TITL2', 76.3, 79.3, 78, 75.9, 75, 76.4, 78.6, 75.2, 77.3, 78.5, 75.9, 76.8),
('1213114651', 'DWI OKTRIYADY PRATAMA', 'XII-TITL2', 76.3, 80, 77.7, 79.5, 76.8, 79.2, 77.8, 77.2, 81.3, 82.1, 83.2, 79.3),
('1213114652', 'GALIH PRATAMA', 'XII-TITL2', 77.2, 79.9, 78.1, 80.3, 76.8, 78.7, 78.3, 76, 79.9, 79, 80, 77.4),
('1213114653', 'GALIH SETIAWAN', 'XII-TITL2', 78.3, 80.4, 77.9, 82.1, 78.3, 83.7, 80.5, 78.4, 83, 85.2, 82.6, 80.4),
('1213114655', 'KANDIAWAN', 'XII-TITL2', 79.4, 81.2, 78.8, 82.8, 77.8, 82, 80.9, 80.3, 83.3, 84.1, 86.4, 77.3),
('1213114656', 'MOCHAMAD RIFFA MIFTAH ZAELANI', 'XII-TITL2', 78.1, 82.2, 80.9, 83.1, 78.5, 87.4, 82.3, 91.5, 81.1, 83.6, 87.8, 77.4),
('1213114657', 'MOH RAFI NURHADI A.', 'XII-TITL2', 76.9, 79.9, 78.6, 80.1, 76.8, 79, 78.4, 81.1, 80.8, 84.4, 81.1, 77),
('1213114658', 'MUHAMMAD FEBRIAN HASBY A', 'XII-TITL2', 76.4, 81.3, 78.8, 82.7, 76.8, 82.4, 78.4, 75.7, 81.9, 83.7, 80.3, 76.9),
('1213114659', 'MUHAMMAD IQBAL', 'XII-TITL2', 76.5, 79.6, 78.1, 79.5, 76.5, 82, 75.7, 75.9, 76.3, 78.5, 78, 76.3),
('1213114660', 'MUHAMMAD IRSAN FAUZI', 'XII-TITL2', 76.6, 79.1, 78, 79.3, 79.5, 76.7, 78.2, 75.9, 75, 77.4, 77.8, 76.5),
('1213114661', 'MUHAMMAD SOFIANDI', 'XII-TITL2', 77.2, 81.6, 79.1, 84.3, 77, 84.7, 80.8, 80.4, 82.1, 84.3, 84.3, 77.2),
('1213114662', 'MUHAMMAD SYARIF SUTRISNO PUTRA', 'XII-TITL2', 77.5, 79.9, 90.8, 80.9, 78, 83.7, 79.6, 78.6, 79.5, 85.5, 80.3, 79.9),
('1213114663', 'MUHAMMAD ZHAFAR AL-RAZZAQ', 'XII-TITL2', 78.2, 82.2, 88.7, 83.2, 79, 90.2, 80.9, 83, 81.3, 85.5, 87.6, 82.9),
('1213114664', 'OGI GUNAWAN', 'XII-TITL2', 77.5, 83.1, 81.5, 82.9, 80.8, 87, 80.2, 82.8, 83.7, 85.6, 85.5, 82.7),
('1213114665', 'RACHMAWANTORO PAMBUDI', 'XII-TITL2', 78.7, 82, 81.1, 83.4, 90, 90.5, 81.3, 83.9, 82, 85.3, 86.1, 81.8),
('1213114666', 'RADEN CAHYA NUGRAHA', 'XII-TITL2', 77.2, 81, 83.1, 81.4, 77.8, 80, 79.6, 79.9, 81.1, 85.5, 81.9, 80.7),
('1213114667', 'RIDWAN SOMANTRI', 'XII-TITL2', 78.1, 82.6, 79.2, 82.1, 90, 87.2, 79.9, 84.7, 84, 85.4, 84.5, 81.2),
('1213114668', 'RIKI RAMADHAN ANWARUDIN', 'XII-TITL2', 78.9, 79.9, 81, 82.4, 79.3, 85.5, 81.6, 86.1, 82.6, 86.1, 84.1, 81.7),
('1213114669', 'RIKO FEBRIANSYAH', 'XII-TITL2', 77.1, 81.9, 80.8, 82.8, 78.8, 86.2, 78.9, 81.4, 83.1, 83.7, 81.6, 83.8),
('1213114670', 'RISKI DWI RIGARNO', 'XII-TITL2', 78.1, 83.2, 82.6, 80.9, 77, 84, 80.6, 85.1, 81.8, 86.2, 87.7, 83.5),
('1213114671', 'RIVA DZULFIQAR', 'XII-TITL2', 80.1, 81.4, 78.2, 82.4, 90, 86.4, 78.5, 82.9, 82.2, 85.1, 86.2, 84.4),
('1213114672', 'SYAMSUL MAARIP', 'XII-TITL2', 83, 84.5, 82, 84.7, 90, 88, 83.6, 95.9, 85.1, 87.4, 89, 85.5),
('1213114674', 'ZAENAL MUSTOFA', 'XII-TITL2', 77, 79.9, 77.8, 79.8, 76.5, 81.2, 77.3, 76.2, 76.5, 82.8, 81.7, 83.8),
('1213114675', 'ZEFANYA ZAKARIA', 'XII-TITL2', 81.7, 81.1, 77.2, 83.1, 75.8, 82.2, 79.3, 78.9, 80.4, 84.9, 82.8, 81.5),
('1213114676', 'ZULHAMI SAPTA IMAWAN', 'XII-TITL2', 78, 83.4, 81.5, 82.3, 81.5, 86.4, 79.1, 85.1, 83.1, 85.2, 85, 84.4),
('1213114677', 'TEGUH ARDYANTO', 'XII-TITL2', 76.4, 78.7, 77.6, 82.3, 77.3, 82.9, 76.5, 75.8, 78.9, 79.3, 78.2, 82.9),
('1213114678', 'ACHMED AZHARI RIZKY F', 'XII-TOI1', 76.1, 79.3, 78.9, 78.8, 75.3, 83.5, 77.4, 75.2, 80.3, 77.2, 82.5, 80.7),
('1213114679', 'AHMAD MUZAKI SYAFII', 'XII-TOI1', 78.2, 81.3, 83.5, 80, 75, 82.9, 77.3, 78.4, 80.5, 83.3, 81.8, 77.2),
('1213114681', 'BIMANTARA SEPTIANTO', 'XII-TOI1', 77.9, 80, 81.4, 82.4, 79, 82.9, 79.5, 80.1, 81.6, 86, 85.3, 79),
('1213114683', 'DACEP RAMDAN', 'XII-TOI1', 76.4, 78.4, 76.9, 77.8, 75.8, 75.9, 78, 76, 75, 76.2, 77.4, 80),
('1213114684', 'DENDI RAHMAN', 'XII-TOI1', 79.1, 81.6, 83.5, 82.2, 76.3, 81.9, 80, 84.2, 81.4, 86.1, 85.7, 79),
('1213114685', 'DENYS MUHAMAD SAPUTRA', 'XII-TOI1', 79.1, 82.6, 78.9, 81.4, 77, 85.5, 79.7, 85, 81.9, 87.5, 85.6, 83.9),
('1213114686', 'DIMAS ARIWIBOWO', 'XII-TOI1', 78.8, 81.2, 84, 83.8, 77.8, 87.9, 79.3, 85.2, 79.8, 85.6, 88.4, 84.9),
('1213114687', 'GAGAN TARGANA', 'XII-TOI1', 79.7, 80.2, 79.1, 80.4, 77.3, 83, 79.4, 79, 80.5, 82.3, 83.5, 78.3),
('1213114689', 'INDAH SITI SAADAH', 'XII-TOI1', 80.8, 81.4, 80.5, 82.1, 77.8, 83.7, 78.7, 79.1, 82, 84.2, 84.8, 80.9),
('1213114690', 'ISEP IAN SEPTIAN', 'XII-TOI1', 79.4, 80.7, 78.8, 80.4, 78.8, 80.7, 79.1, 81.3, 81.9, 82.9, 85.3, 80.2),
('1213114692', 'JOKO SUMARACH', 'XII-TOI1', 78.6, 81.7, 80.8, 81.5, 77.5, 84.7, 77.9, 83.1, 79.9, 85.2, 86.8, 79.9),
('1213114693', 'KHOLIP PAHRUDIN', 'XII-TOI1', 77.7, 83.7, 78.5, 80.2, 75, 76.7, 77.8, 78.1, 80.6, 79.5, 80.8, 78.4),
('1213114694', 'MUCHAMAD YUDA SWARGANI', 'XII-TOI1', 80.1, 84.2, 82.4, 80.3, 78, 79.5, 78.3, 78.9, 83.7, 85.4, 81.7, 79.9),
('1213114695', 'MUHAMMAD RIDWAN NASHRULLOH', 'XII-TOI1', 80.7, 85.4, 83.3, 82.5, 75.8, 86.7, 78.8, 86.2, 84, 84.6, 84.2, 81.9),
('1213114696', 'NAZMA KAUTSAR GUNARKO PUTRA', 'XII-TOI1', 77.9, 84.7, 92.8, 83.7, 81, 83.7, 81, 85.3, 80.8, 85.6, 86.1, 80.5),
('1213114697', 'NUMAN AKBARI', 'XII-TOI1', 78.9, 84, 81.2, 80.9, 77.5, 79.7, 78.3, 79, 81.5, 83.6, 79.8, 80.9),
('1213114698', 'RAKA RIZKY PRATAMA', 'XII-TOI1', 81.6, 88, 90.3, 83.4, 90, 86.7, 79.4, 83.7, 81.9, 85.9, 82.5, 81.4),
('1213114699', 'REGI MAULANA IBRAHIM', 'XII-TOI1', 80.4, 81.8, 79.8, 82.4, 78.8, 81.4, 78.6, 80.4, 81.8, 84.5, 82.1, 82),
('1213114700', 'RENA SOLIHAT', 'XII-TOI1', 81, 81.6, 78.4, 80.9, 78.8, 82.2, 80.1, 88.6, 81.9, 85.6, 81.6, 78.4),
('1213114701', 'RIFQI FAUZI AZHARI', 'XII-TOI1', 79.3, 79, 81.7, 80.4, 77.8, 78.9, 78.6, 75.9, 79.6, 77, 78.7, 78.4),
('1213114702', 'RIVAL PERDANA', 'XII-TOI1', 79.4, 81.2, 79.9, 81.5, 90, 83, 79.2, 83.1, 83.2, 84.4, 82.8, 79.9),
('1213114704', 'RIZKY RIVALDHY', 'XII-TOI1', 76.8, 79, 78.1, 81.2, 77.3, 78.9, 79.7, 78.2, 78.5, 83.4, 80.2, 79.7),
('1213114706', 'SARIP KRISSANDI', 'XII-TOI1', 79.1, 83.4, 81.7, 82.6, 79, 86.5, 80.8, 85.4, 82.5, 86.4, 83.5, 81.8),
('1213114707', 'SEFTIAN ARDI PANGESTU', 'XII-TOI1', 79.8, 80, 80.7, 81.3, 79, 79.4, 81, 82.5, 82.3, 85.7, 86.1, 78.3),
('1213114708', 'SEPTIAN ANUGRAH PUTRA', 'XII-TOI1', 80.8, 82, 79.9, 82.3, 79, 85.2, 81.1, 80.9, 81.2, 85.2, 80.9, 78.7),
('1213114709', 'TRI YUANA PUTRA', 'XII-TOI1', 76.2, 77, 76.7, 78.5, 75, 76.4, 76.4, 75.4, 80.1, 80, 79.1, 76.4),
('1213114710', 'TUBAGUS IDHARUL JIHAD', 'XII-TOI1', 82.3, 81.1, 79.9, 82, 77.3, 82.4, 80.3, 81.4, 84, 85.5, 81.1, 78.8),
('1213114711', 'YULINAR RAHAYU', 'XII-TOI1', 79.9, 81.2, 80.4, 81.2, 82.5, 81.5, 79.5, 84.9, 80.3, 86, 84.8, 77.8),
('1213114712', 'ZHEHAN ALMUKHAROM', 'XII-TOI1', 79.2, 78.9, 85.2, 79.5, 75, 80.2, 80.1, 75.4, 81.7, 83.1, 78.2, 76.7),
('1213114713', 'ADITYA NUR FAJAR', 'XII-TOI2', 77.7, 84.1, 84.5, 79.4, 78, 78.4, 78.6, 79.4, 81.1, 81.1, 79.1, 81.9),
('1213114714', 'AHMAD RIJAL S', 'XII-TOI2', 81.1, 86.3, 82.9, 81.5, 78, 86.4, 80.7, 81.1, 81.6, 85.5, 83, 81.2),
('1213114715', 'ARIF LUTFI NIRWAN ADIL', 'XII-TOI2', 78.9, 84.8, 80.6, 81.3, 75.3, 79, 80.1, 77.7, 82.9, 84.1, 81.5, 80.8),
('1213114716', 'AYU RETNISSA AMALIA', 'XII-TOI2', 79.2, 84, 80.7, 81.3, 77.8, 84.4, 79.5, 79.5, 81.8, 83, 82.5, 80.2),
('1213114719', 'DEYAN RAHMATTULLOH', 'XII-TOI2', 77.7, 83.7, 82.6, 79.4, 76, 84.4, 78.6, 77.7, 79.4, 82.7, 81.3, 77.8),
('1213114720', 'DIKI RAHMAN SURYANA', 'XII-TOI2', 79.8, 84.3, 80, 80.8, 75.3, 82.7, 79.8, 79.3, 83.2, 85.9, 82.7, 80),
('1213114721', 'FAHMI ABDUL AZZIS', 'XII-TOI2', 79.3, 85, 81.4, 80.9, 76.8, 82.4, 79.9, 79.1, 81.1, 84.3, 83.8, 80.5),
('1213114722', 'FANDI AHMAD SUGIAN T', 'XII-TOI2', 79.3, 86, 89.7, 82.5, 80.8, 86.9, 80.2, 84.6, 81.3, 85, 86.1, 81.5),
('1213114723', 'FARID RIZQI MAULANA', 'XII-TOI2', 83, 88, 88.2, 82.8, 79.8, 88.4, 82.1, 93.9, 84.1, 83.2, 85.1, 81.5),
('1213114724', 'FARIS ABDILLAH HUDIYA', 'XII-TOI2', 77.9, 85.5, 83.8, 82.3, 77.8, 82.5, 80, 80.8, 82.7, 84.4, 85.4, 81),
('1213114725', 'GERRY ADAM GUSTAMAN', 'XII-TOI2', 79, 85.7, 83.2, 80.6, 90, 84.7, 81, 81.9, 80.8, 81.3, 83.9, 80.3),
('1213114726', 'IGOS DELIANDI', 'XII-TOI2', 79.1, 84.4, 81, 80.7, 77, 83.4, 80.3, 79.2, 81.5, 85, 82.3, 80.5),
('1213114727', 'JAKA SURYA', 'XII-TOI2', 79.1, 87.3, 83.2, 82.6, 83.3, 87.2, 81.4, 88.2, 83.5, 84.9, 82.1, 82.2),
('1213114728', 'LIDYA REZA', 'XII-TOI2', 83.3, 82.9, 81.8, 80.6, 79.5, 82.4, 78.7, 79.7, 80.8, 85.2, 83.8, 78.7),
('1213114729', 'MASTUR MULYONO', 'XII-TOI2', 78, 83, 81.7, 79.1, 75.5, 80.9, 79.7, 82.2, 80.3, 80.4, 82.3, 80.4),
('1213114730', 'MOCHAMAD  FIKRI RAMDANI', 'XII-TOI2', 76.9, 81.4, 76.6, 78, 75, 76.2, 78.1, 78.1, 81.3, 80.3, 79.7, 78.3),
('1213114731', 'MUHAMMAD FAHRUDIN NOZA', 'XII-TOI2', 79, 83, 82.1, 79, 78.8, 84, 79.3, 78.4, 80.5, 78.5, 81.6, 79.2),
('1213114732', 'MUHAMMAD ILMAN NAFIAN', 'XII-TOI2', 78.1, 81.8, 81.5, 80.3, 77, 84.2, 80.6, 77.8, 81.4, 83.8, 85.7, 82.3),
('1213114733', 'MUHAMMAD KAMAL LAIL', 'XII-TOI2', 76.7, 83.8, 79.4, 80.5, 76.8, 81.7, 80.5, 79.3, 80.1, 81, 84.2, 81.4),
('1213114734', 'OCEU HERDIANSYAH', 'XII-TOI2', 77.8, 81.5, 81.9, 78.5, 75.3, 82.5, 79.5, 76.7, 79.3, 84, 81.8, 80),
('1213114735', 'RAKA ZAVILY YULIANTO', 'XII-TOI2', 76.5, 82.4, 80.1, 78.7, 75, 79.1, 80.8, 80.3, 79.2, 81.2, 79.6, 79),
('1213114736', 'RECKY ADITYA RAMADHAN', 'XII-TOI2', 78.4, 83.4, 85.6, 81.7, 82.5, 85.2, 79.7, 80.9, 82.2, 85.5, 83.3, 79.7),
('1213114737', 'RIFQY ADHITAMA N', 'XII-TOI2', 77.7, 82.1, 81.4, 79.5, 78.5, 79, 80.1, 79.3, 80.2, 83.9, 82.4, 82.4),
('1213114738', 'RIZKY DWI NUR ALAM', 'XII-TOI2', 76.2, 80.1, 81.2, 78.6, 76.8, 78.4, 76.4, 77.6, 79.1, 82.4, 77.3, 76.9),
('1213114739', 'RYAN RAMADAN', 'XII-TOI2', 79.5, 81.4, 79.9, 79.8, 76.5, 79.7, 77.2, 80.1, 79, 81, 82.8, 80.7),
('1213114740', 'SONY HERMAWAN', 'XII-TOI2', 81.5, 84.8, 87.6, 86.9, 90, 89.7, 83.5, 95.3, 82.4, 86.2, 88.8, 86.3),
('1213114741', 'TEGAR PUTRAJAYA', 'XII-TOI2', 77.8, 80.9, 80.8, 80.2, 78.8, 80.7, 80.6, 81.1, 80.8, 82.9, 83.6, 81),
('1213114742', 'TIA NURFIANA', 'XII-TOI2', 77.6, 80.9, 81.2, 80.8, 78.5, 80.2, 80.8, 77.3, 79.8, 77.5, 80.1, 80.3),
('1213114743', 'YANDA MAJID FATAH', 'XII-TOI2', 81.9, 82.5, 82.8, 84.8, 81.8, 86.7, 81.5, 94.6, 84, 86.4, 84.8, 81.3),
('1213114745', 'ADITYA DEWATA PUTRA', 'XII-TKJ1', 80.2, 84.4, 84.2, 83.8, 90, 87.2, 82.1, 85.1, 82.9, 84.9, 85.8, 81.8),
('1213114746', 'ARFIN SURYA NUGRAHA', 'XII-TKJ1', 83.2, 81.9, 84.2, 81.1, 88.3, 89, 81.2, 83.3, 82.4, 86.2, 86.7, 82.5),
('1213114747', 'ARIYA AGUSTIAN RIYADHI', 'XII-TKJ1', 83.7, 83.9, 85.3, 84.5, 89, 92, 83.9, 93.8, 82.4, 87.4, 91.4, 82.3),
('1213114748', 'BAGAS SUBAGJA WIRANATA', 'XII-TKJ1', 76.7, 79.1, 76.9, 79.6, 75, 80, 79, 78.8, 82.3, 80.6, 81.1, 81.5),
('1213114749', 'BERLIAN NURFADHILAH', 'XII-TKJ1', 79.7, 80.8, 83.6, 82.9, 86, 86.4, 80, 82.4, 82, 84.2, 84.9, 82),
('1213114750', 'DESPHI SATRIA NURJAYA', 'XII-TKJ1', 82.4, 83.9, 84.4, 83.2, 88.5, 91, 82.2, 89.3, 83.3, 86.9, 88.1, 82.8),
('1213114751', 'FEBYAN MAULANA BASYIT', 'XII-TKJ1', 79.5, 81.8, 84.7, 82.7, 83, 85, 80.5, 81.7, 81, 86.4, 84.5, 81),
('1213114752', 'GALANG PRABOWO', 'XII-TKJ1', 78.5, 81.3, 82.6, 81.4, 87.8, 84, 81.4, 84, 80.2, 85.2, 81.9, 80.7),
('1213114753', 'KUSDIANA', 'XII-TKJ1', 80.3, 83.9, 86.4, 83.9, 78.3, 87.4, 80.8, 82.8, 83.3, 88.5, 84.8, 83.8),
('1213114754', 'MAGFIRAH RIFA FAUZIYAH', 'XII-TKJ1', 83.8, 84.7, 82.3, 81.1, 87.8, 88.4, 81.3, 82.5, 80.8, 87.4, 83.9, 84.7),
('1213114755', 'MIFTAH FAUZI', 'XII-TKJ1', 76.1, 79.3, 77, 79.9, 85, 79.2, 76.9, 75, 80.1, 83.8, 76.6, 79.9),
('1213114756', 'MOCHAMAD ANJAR GHANI', 'XII-TKJ1', 82.4, 81.9, 82.2, 81.4, 77.3, 82.9, 81.7, 83.7, 82.3, 85.7, 86.1, 80.9),
('1213114757', 'MOCHAMMAD FAISHAL DWIYANTO', 'XII-TKJ1', 80.3, 83.3, 85.4, 83.3, 88.5, 85.4, 82.4, 90.3, 82.3, 85, 86.1, 82.2),
('1213114758', 'MOHAMMAD FARIZ HAWARI', 'XII-TKJ1', 82.2, 82.8, 85.7, 82.6, 89.8, 90.2, 82.6, 86.8, 82.5, 88.4, 88.3, 85.3),
('1213114759', 'MUHAMMAD LUTFY F.', 'XII-TKJ1', 79.9, 83.3, 82.9, 84.4, 86.3, 85.7, 83.2, 85.9, 83.8, 86.7, 89.7, 82.4),
('1213114760', 'MUNIR SABILIR RUSYDI', 'XII-TKJ1', 83.3, 84, 84.8, 81.6, 80.3, 86.2, 81.7, 84.7, 83.1, 85.6, 85.5, 81.4),
('1213114761', 'NUR FITRIANI M', 'XII-TKJ1', 83.6, 85.2, 81.9, 83, 88.8, 85.5, 82.6, 83.2, 83.8, 85.6, 84.3, 84.4),
('1213114762', 'OKI SETIAWAN', 'XII-TKJ1', 80.4, 84.1, 82.5, 82.5, 88, 87.2, 81.4, 85.7, 83.5, 86.7, 85.9, 81.2),
('1213114763', 'RACHMAT JAMIATURROCHMAN', 'XII-TKJ1', 82.5, 83.6, 82.2, 82.3, 85.8, 81.9, 80.9, 81.2, 82.5, 86.9, 83.7, 86),
('1213114764', 'RAHMAN ABDUL RAZAK', 'XII-TKJ1', 81.7, 87.3, 85.4, 82.8, 89.8, 90.7, 82.3, 93.7, 82.9, 88.7, 89.5, 87.4),
('1213114765', 'RENANTA ADITYA MUHAMAD', 'XII-TKJ1', 77, 84.9, 82.7, 83, 77.3, 82.5, 79.2, 78.4, 81.9, 80.4, 80.6, 79),
('1213114766', 'RIFQI LUTHFI', 'XII-TKJ1', 78.5, 83.2, 83.2, 81.9, 88, 82.9, 80.8, 80.7, 82.9, 86.3, 83.5, 81.5),
('1213114767', 'RISTI RAGADHITA', 'XII-TKJ1', 83.2, 85.4, 83.7, 82.5, 90, 89.4, 83.2, 94.5, 82.3, 90.7, 90.4, 88.3),
('1213114768', 'RIZAL FIRDAUS', 'XII-TKJ1', 82, 86.2, 83.2, 84.7, 90, 83.9, 81.9, 80.5, 84.5, 86.7, 84.5, 82.2),
('1213114769', 'SATRIA WIDI', 'XII-TKJ1', 79.8, 83.5, 82.4, 82, 79.8, 85.4, 81.6, 79.6, 81.6, 86, 85.7, 82.5),
('1213114770', 'SHAFNA SHAFIRA FAIZAL', 'XII-TKJ1', 80.8, 86.7, 88.7, 85.1, 90, 90, 83.1, 95.1, 82, 89, 89.5, 85.8),
('1213114771', 'SIFA MARCELLA FARDHANI', 'XII-TKJ1', 82.3, 85.8, 88.8, 82.4, 88.8, 87.9, 82.8, 86.7, 82.3, 87.7, 88.6, 86.5),
('1213114772', 'SIHABUDIN AGUNG MAULANA', 'XII-TKJ1', 81.2, 84.9, 85.6, 83.7, 81, 89, 81.6, 85.9, 82.2, 86.7, 88, 84),
('1213114773', 'SUTOPO SEPTO HADI', 'XII-TKJ1', 81.7, 83.3, 84.7, 82.6, 85.5, 84.9, 79.9, 82.5, 82.9, 85.5, 84.1, 81),
('1213114774', 'TIO SETIAWAN HIDAYAT', 'XII-TKJ1', 81.2, 84.9, 83.2, 83.3, 86.3, 86.9, 81.5, 82.8, 82.1, 86.6, 87, 85.5),
('1213114775', 'TRI HILMAN NURYAHYA', 'XII-TKJ1', 80.6, 84.4, 81.7, 82, 87.8, 86.2, 80.5, 81.8, 83.6, 84.8, 84, 81),
('1213114776', 'UBAIDILLAH AL RASYID', 'XII-TKJ1', 77, 79.6, 78.9, 78.5, 80.8, 79, 76.8, 75, 77.6, 80.9, 77.7, 80.3),
('1213114777', 'ULFI ZAHRA FAUZIYAH', 'XII-TKJ1', 81.7, 83.3, 85.1, 82.9, 87.8, 86, 82, 84.5, 80.5, 85.9, 83.7, 85.4),
('1213114778', 'WAHYU SETIAWAN', 'XII-TKJ1', 78.8, 83.3, 82.8, 83.1, 86.3, 84, 80.6, 81.9, 81.8, 85.8, 85.7, 80.9),
('1213114779', 'WIKI WIGUNA', 'XII-TKJ1', 79.3, 81.9, 82.7, 81.8, 88, 83.7, 82.6, 85.6, 82.5, 86.6, 84.6, 82.5),
('1213114780', 'YOGA PRADANA PUTRA', 'XII-TKJ1', 77.8, 83.4, 82.7, 83.2, 88.3, 83.7, 81, 81.7, 83.6, 85.5, 85.1, 83.3),
('1213114781', 'ABDUL SALAM', 'XII-RPL1', 84.9, 85.8, 88.2, 84.8, 88.5, 93.7, 84.5, 95.3, 83.5, 87.4, 86, 89.2),
('1213114782', 'ADITIYA NUGRAHA', 'XII-RPL1', 81.3, 87.4, 83, 82.8, 81.5, 89, 81.5, 81.3, 83.2, 80.7, 85.6, 84.7),
('1213114783', 'ADITYA LISHADI PRATAMA', 'XII-RPL1', 82.4, 85.5, 82.9, 82, 78.5, 84, 82.6, 84, 82, 78.8, 84.8, 82.5),
('1213114784', 'ANDRE RESHNA FADHILAH', 'XII-RPL1', 80.5, 85, 83.7, 84.9, 79.3, 89.9, 80.8, 85.9, 82.6, 85.6, 87.2, 84.3),
('1213114785', 'ANDRIYAN MAULANA', 'XII-RPL1', 81.1, 85.4, 82.8, 81.8, 81, 82, 82.8, 85.9, 81.7, 81, 84.4, 80.9),
('1213114786', 'ARI RAMADHANI', 'XII-RPL1', 81.7, 81.8, 85.6, 81.2, 79, 86, 81.9, 81.3, 83, 77.6, 84.9, 78.4),
('1213114787', 'ARIA FRENZANO ALIFIO MUHAMMAD', 'XII-RPL1', 79.8, 83.9, 79.9, 81.8, 84.3, 78.9, 80.1, 84.3, 82.6, 79.6, 84.3, 79),
('1213114788', 'AYU AMELIA', 'XII-RPL1', 81.7, 83.9, 80.7, 82.4, 84.3, 83.9, 82.1, 87.6, 81.8, 85.7, 83.1, 82.8),
('1213114789', 'DEAN RIKRIK ICHSAN H', 'XII-RPL1', 79, 82.5, 81.3, 80.1, 78.3, 84.2, 79.9, 78.6, 81.4, 85, 89, 80.5),
('1213114790', 'DENNY MUBAROQ OCTAVIAN', 'XII-RPL1', 81.3, 81.7, 82.6, 82.4, 81, 85.9, 84, 93, 82.2, 85, 86, 81.8),
('1213114791', 'DEWI NUR MAYANG SARI', 'XII-RPL1', 79.4, 82.9, 79.4, 83.2, 76.5, 87.4, 80.7, 84.6, 84.4, 80.7, 82.9, 79),
('1213114792', 'EDHITA RAHMA RIZKYA', 'XII-RPL1', 79.5, 84.8, 78.8, 81.2, 78.5, 78.9, 80.1, 78.8, 81.9, 80.3, 80.4, 78.9),
('1213114793', 'FAHMI ANANDA PRADANA', 'XII-RPL1', 77.3, 83.4, 83.6, 83.8, 84.3, 86.9, 81.4, 82.8, 81.8, 86.5, 86.2, 81),
('1213114794', 'FITRI KURNIASIH', 'XII-RPL1', 83.4, 85.6, 84, 82, 83.3, 88, 81.1, 89.8, 83.1, 86.2, 84.3, 86.7),
('1213114795', 'GOVINDA AKHMAD N', 'XII-RPL1', 79.4, 85.3, 452.3, 83, 78.3, 85.9, 80.1, 84.1, 81.5, 77.8, 84.6, 80),
('1213114796', 'HADI ARIFIN', 'XII-RPL1', 77.2, 81.9, 82.4, 80, 76.5, 79.5, 80.7, 81.5, 79.2, 81, 81.3, 78.5),
('1213114797', 'HANIFAH RACHMAWATI', 'XII-RPL1', 82.8, 86.6, 83.1, 83.6, 80.5, 90.9, 81.7, 87.7, 83, 90.2, 85.6, 81.5),
('1213114798', 'IHSAN SULAEMAN', 'XII-RPL1', 79.2, 83.3, 82.7, 80.4, 77, 81.4, 79.7, 82, 81.5, 81, 83, 78.8),
('1213114799', 'KEVIN CANDRA SETIAWAN', 'XII-RPL1', 81.1, 85.9, 83, 83.7, 79.3, 87.7, 81.1, 86.2, 81.2, 80.2, 85.2, 81.3),
('1213114800', 'MOCHAMAD DEBAN AZARIA', 'XII-RPL1', 82.4, 83.8, 85.9, 83.9, 84.5, 83.4, 82, 84.1, 80.9, 81.3, 84, 79.3),
('1213114801', 'MOHAMAD FIKRI ZULFIKAR', 'XII-RPL1', 80.9, 85.5, 83.1, 84.1, 87, 88, 83.4, 89.2, 83.8, 82.4, 84.8, 85.2),
('1213114802', 'MOH GAN GAN ALFARIZI', 'XII-RPL1', 80.3, 85.3, 85.7, 82.2, 78.3, 89.9, 80.7, 87.5, 82.6, 78.5, 85.5, 84.3),
('1213114803', 'MUHAMMAD ERVINSYAH', 'XII-RPL1', 77.6, 82.1, 78.6, 80.6, 78, 80.2, 81, 81.1, 82.3, 79.5, 84.1, 77.7),
('1213114804', 'MUHAMMAD ADRYAN PRATAMA', 'XII-RPL1', 78.5, 83.9, 79.4, 81.5, 77, 81.7, 76.5, 79.8, 82.5, 83.5, 83.5, 80.2),
('1213114805', 'RADEN GHINA NOVIANTI', 'XII-RPL1', 82.2, 85.2, 81.5, 80.9, 77.5, 86.9, 81.7, 83.2, 82.4, 78.3, 83.1, 86.2),
('1213114806', 'RADIET BILLAHIRABBA', 'XII-RPL1', 82.2, 86.1, 81.9, 82.2, 76.8, 82.9, 81.2, 85.7, 81.2, 81.1, 87.3, 82.3),
('1213114807', 'REZA WAHYU GUMILAR', 'XII-RPL1', 82, 86.1, 83.7, 82.8, 79.8, 83.7, 82.4, 84.3, 82, 79.3, 86, 86.8),
('1213114808', 'RIANA ASTIAWATI YUSNIA', 'XII-RPL1', 85.1, 84.9, 81.6, 82.4, 90, 87.4, 81.3, 87.6, 81.4, 82.1, 83.8, 87.9),
('1213114809', 'RIO HERPIYAN ADITYA SANUSI', 'XII-RPL1', 80.8, 85.5, 81.4, 82.8, 80.8, 84, 80.9, 84.1, 83, 77.3, 85.1, 82.9),
('1213114810', 'RONI JUNIYANTO', 'XII-RPL1', 77.6, 82.4, 80.3, 81, 76.8, 79.4, 81.1, 83.8, 81, 79.3, 82.2, 76.9),
('1213114811', 'SALMA ZETIRA HALBIA', 'XII-RPL1', 83, 82.8, 82.7, 81.2, 80.3, 85.9, 81, 88.2, 81.5, 82.9, 82.6, 78.9),
('1213114812', 'SANDI RAHAYU', 'XII-RPL1', 80.2, 84.7, 80.8, 83.2, 81.8, 89.4, 82.4, 90.4, 83.6, 80.4, 85.6, 87.2),
('1213114813', 'SRI RAHAYU N.', 'XII-RPL1', 83.8, 84.7, 82, 83.5, 90, 83.9, 80.5, 88.2, 82.2, 78.6, 84.9, 85),
('1213114814', 'SYAFWAN IQBAL FAUZI', 'XII-RPL1', 83.7, 85.1, 85.7, 83.2, 83.8, 88.2, 82.3, 89.3, 84.4, 85.2, 87.4, 82.9),
('1213114815', 'SYAMSUL MAARIF', 'XII-RPL1', 80.4, 82.2, 82.8, 82.1, 77.5, 79, 80.4, 80.7, 82.4, 81.4, 83, 76.9),
('1213114816', 'WILDAN DARISSALAM', 'XII-RPL1', 76.9, 82.8, 81.1, 81.1, 77.5, 79, 79.6, 81, 80.8, 79.4, 83.1, 79.4),
('1213114817', 'YANDI MAJID FATAH', 'XII-RPL1', 80.6, 85.9, 82.5, 81.8, 77.8, 85.4, 81.4, 89.7, 83.7, 81, 85, 86),
('1213114818', 'ADI ZAUNI TAUFIQ', 'XII-RPL2', 79, 81.8, 84, 81.2, 78.3, 78, 78, 77.9, 78.2, 83.8, 81.8, 78.4),
('1213114819', 'ANDRI BUDI SANTOSO', 'XII-RPL2', 80.4, 82.1, 82.9, 82, 79.5, 85, 80.7, 84.6, 80.7, 81, 85.8, 79.2),
('1213114820', 'AULIA RAKHMAN ', 'XII-RPL2', 78, 80.5, 81, 78.8, 77.3, 80.7, 80.5, 77.6, 79.8, 84.5, 82.1, 78),
('1213114821', 'DANIL BAHARI', 'XII-RPL2', 79.4, 80.8, 79.1, 82.2, 75, 78.7, 79.6, 76.9, 82.8, 79.8, 82.2, 78.8),
('1213114822', 'EKO LISTIANTO', 'XII-RPL2', 78.2, 81.8, 79.8, 81, 75.3, 80.4, 81.3, 78.8, 82.3, 80.7, 83.2, 77.8),
('1213114823', 'FADJAR NOER SHIDDIQ', 'XII-RPL2', 79.9, 81.4, 79.7, 81.8, 78.5, 86.2, 80.5, 81.8, 79.2, 86.4, 83.5, 79.4),
('1213114824', 'FAIZAL FERNANDA', 'XII-RPL2', 80.6, 83, 80.4, 81.2, 77.3, 78.4, 80.4, 80.4, 81.8, 79.7, 81.9, 79.7),
('1213114825', 'FARIDA RIZQI LESTARI', 'XII-RPL2', 82, 87.1, 81.1, 83, 81, 88, 82.4, 84.6, 81.7, 88.6, 82.5, 82.5),
('1213114826', 'FATWA MUCHAMMAD ABDILLAH', 'XII-RPL2', 81.9, 85.2, 82.7, 82.6, 78.5, 86.9, 84, 92.7, 83, 83.7, 83.8, 82.2),
('1213114827', 'GALUH PUTRA SANTYARA', 'XII-RPL2', 76.4, 81.7, 78.2, 79.6, 75, 82, 78.9, 76.3, 80.5, 77.8, 81.6, 79.9),
('1213114828', 'GUNTUR EFFENDI SOBARI', 'XII-RPL2', 78.2, 82.5, 78.5, 80, 75, 82.4, 78.7, 77.7, 80.1, 80.6, 80.8, 78.2),
('1213114829', 'HANNA TSANIYA TSUWWIBA', 'XII-RPL2', 81.3, 87.5, 81.9, 82.1, 90, 80.9, 79.9, 86.4, 81.4, 83, 85.8, 82.8),
('1213114831', 'IKA FITRI NURYANTI', 'XII-RPL2', 81.2, 83.5, 82.9, 83.6, 87.8, 84.7, 80.6, 84.9, 79.4, 80.6, 83.3, 80.5),
('1213114832', 'MAULID VIRGIA RACHMAN', 'XII-RPL2', 82.4, 85.2, 85.7, 80.6, 83.3, 82, 79.7, 83.6, 81.1, 82.5, 84.3, 85.9),
('1213114833', 'MICHAEL ADIANSYAH N.', 'XII-RPL2', 81.2, 84.9, 88.7, 85.3, 79.3, 90, 81.3, 89.7, 81.1, 87.8, 87.6, 81.4),
('1213114834', 'MOCHAMAD FIQRI AL MUHAFIZD', 'XII-RPL2', 81.9, 84.1, 81.3, 81.2, 78, 78.7, 80.5, 80, 81.7, 85.5, 82.1, 82.4),
('1213114835', 'MOHAMAD IKHSAN ZULFADLY', 'XII-RPL2', 80.5, 83.7, 80.6, 81.9, 77.8, 84.7, 80.1, 78.7, 79.4, 80.5, 85.2, 83.7),
('1213114836', 'MUHAMAD REZA KURNIA', 'XII-RPL2', 82.7, 85.4, 79.9, 82.4, 81.5, 84.5, 79.3, 81.6, 83.7, 82.8, 83.4, 85.3),
('1213114837', 'MUHAMMAD MUKHSIN', 'XII-RPL2', 81.9, 81.7, 86.9, 83.3, 75, 88.2, 80.5, 82, 79.2, 80.3, 84.1, 82),
('1213114838', 'MUHAMMAD RIZKY RAMADHAN', 'XII-RPL2', 79.7, 84.4, 84.4, 80.7, 78.3, 80.2, 81.1, 78.9, 80, 82.9, 83.7, 80.8),
('1213114839', 'MUHAMMAD YUEDHITIA', 'XII-RPL2', 79, 81.7, 81.9, 80.9, 77.5, 84.4, 80.6, 80.3, 81.6, 86.8, 81.5, 78.5),
('1213114840', 'NINA MARTILA', 'XII-RPL2', 81.2, 83.9, 79.6, 82.7, 79, 80.4, 80.8, 89.7, 80, 80.2, 81.5, 81.5),
('1213114841', 'PANJI RAHMAN', 'XII-RPL2', 81.5, 83.5, 78.2, 82.3, 78, 86.2, 79.9, 80.4, 81.8, 87.5, 84.8, 82.4),
('1213114842', 'RADEN RANGGA PRAKASA RAMDHANA', 'XII-RPL2', 79.6, 82.6, 81.6, 81.9, 77.5, 79.5, 80.8, 81.5, 80.3, 80.5, 82.6, 79.2),
('1213114843', 'SAHRUL RAMADHAN', 'XII-RPL2', 77, 82.2, 80.9, 82, 75.3, 84.5, 80, 76.2, 80.7, 83.8, 83.5, 79.3),
('1213114844', 'SANI HARTAMAN', 'XII-RPL2', 79.5, 82.1, 83.6, 81.6, 76.3, 79.7, 81.3, 82.3, 83.6, 81.8, 82, 81.7),
('1213114845', 'SEPTIAN HIDAYATULLAH', 'XII-RPL2', 81.6, 84.9, 82.9, 84.5, 79, 90.2, 82.2, 82.4, 82.4, 86.1, 86.2, 81.5),
('1213114846', 'SINTA KRISMAHANI SETIAWAN', 'XII-RPL2', 84.6, 84.5, 79.2, 82.1, 90, 80.4, 81.8, 88.1, 79.3, 81.3, 83.1, 80.9),
('1213114847', 'SONNY SEPTIANSYAH', 'XII-RPL2', 78.1, 81, 81.2, 82.8, 77.8, 84.5, 79.6, 76.9, 81.4, 86.6, 81.5, 81.8),
('1213114848', 'SYAHRUL SATURA', 'XII-RPL2', 82.6, 82.1, 80.5, 82.8, 75, 81.5, 82.1, 87.1, 81.8, 81.5, 85.8, 82.9),
('1213114849', 'TERRYUS GUNAWAN', 'XII-RPL2', 80.3, 81.4, 82.3, 82.2, 75, 80.5, 79.2, 76.4, 80.6, 80.5, 83.6, 80.8),
('1213114850', 'TONDI SUDARYO', 'XII-RPL2', 82.9, 84, 83.4, 83.1, 79.5, 88, 82.4, 87.9, 82.1, 88.3, 87.5, 81.3),
('1213114851', 'TUBAGUS MUSYAFFA', 'XII-RPL2', 79.7, 81.5, 79.2, 81.3, 76.3, 81.9, 79.7, 77.4, 83.1, 82.2, 84.3, 78.2),
('1213114852', 'YADI SURYAHADI', 'XII-RPL2', 80.3, 82.5, 79.5, 82.2, 78.5, 83.2, 82.1, 87, 82.3, 79.9, 89.2, 79.4),
('1213114853', 'YUMA MAULANA', 'XII-RPL2', 76.8, 81.2, 79.2, 83.9, 76.5, 79.7, 80.2, 77.6, 81.5, 83.8, 83.3, 79),
('1213114855', 'ALI QORNAN JAISYURRAHMAN', 'XII-RPL3', 79.9, 80, 89.8, 82.4, 78.8, 88, 81.3, 92.4, 82, 80.9, 89.4, 79.2),
('1213114857', 'BONNI PRATAMA NUGRAHA', 'XII-RPL3', 81.3, 80.8, 87.1, 83.5, 83.8, 82, 80.3, 78.9, 80, 83.9, 84.8, 77.2),
('1213114858', 'DIKA PRANANDA PUTRA', 'XII-RPL3', 78.1, 81.8, 83.7, 80.3, 76, 78.7, 82.1, 80.5, 81.2, 80, 84.1, 78.2),
('1213114859', 'DYCA TRI PUTRA', 'XII-RPL3', 76.6, 80.7, 84.8, 81.9, 75, 81, 77.9, 76.1, 80, 79, 79, 79.2),
('1213114860', 'EDWIN GILANG PRATAMA', 'XII-RPL3', 82.4, 81.6, 85.5, 83.1, 77.5, 79.9, 83, 83, 82.7, 81.4, 85.3, 79.5),
('1213114861', 'FAJAR MAULANA', 'XII-RPL3', 79.5, 81.2, 84.2, 83.7, 82, 78.7, 79.4, 80.4, 83.5, 81.7, 83.3, 80),
('1213114862', 'FARHAN FATHIA ANDRIAWAN', 'XII-RPL3', 79.7, 84.2, 86.2, 81.1, 75.8, 81.5, 77.9, 81.2, 81.9, 81.7, 85.3, 80.8),
('1213114863', 'GERAL OKTA PRALINGGA', 'XII-RPL3', 76.9, 81.2, 86.4, 82.4, 76.8, 79.7, 79.6, 75.6, 81.4, 82.7, 79.4, 78.7),
('1213114864', 'HADI APRYANA SAEFUL ROHMAN', 'XII-RPL3', 82.2, 81.1, 84.2, 82.1, 76.8, 79.5, 80, 79.8, 82.4, 79.6, 86.3, 78.7),
('1213114865', 'HILMAN FAISAL RAMADHAN', 'XII-RPL3', 79.6, 80.6, 83.1, 81.6, 76.8, 83.4, 80.2, 78.5, 82.4, 80.4, 80, 78.5),
('1213114866', 'INTAN NURJANAH', 'XII-RPL3', 85.4, 82.8, 87.2, 84, 87.5, 88.9, 83.5, 96.2, 83.3, 80.4, 89.4, 82),
('1213114867', 'JASMINE NURUL RIZKI', 'XII-RPL3', 82.2, 82.7, 81.7, 82.1, 84.8, 81.7, 80, 81.9, 80.8, 83.1, 80.7, 77.5),
('1213114868', 'JULYAN WIDIANTO', 'XII-RPL3', 83.1, 83.3, 86.2, 82.1, 77.5, 80.4, 80.4, 84.3, 82.3, 84.6, 86, 80.9),
('1213114870', 'LUTFI ABDILLAH INARNO', 'XII-RPL3', 82.3, 83.4, 84.2, 82.2, 77.3, 83.7, 79.2, 80.4, 82.3, 82.2, 81.2, 81.8),
('1213114871', 'MIRAZ NASAHOR', 'XII-RPL3', 87.2, 86.7, 90.5, 83, 89.5, 90.4, 83.2, 88.3, 83.6, 91.7, 87.5, 87.8),
('1213114872', 'MOCHAMAD RESTU FAUZY', 'XII-RPL3', 80.6, 83.7, 82.3, 80.9, 76.5, 81.7, 78.4, 80.1, 82.1, 85, 81.6, 80.9),
('1213114873', 'MOCHAMAD TEGAR PRABOWO', 'XII-RPL3', 82.1, 83.9, 85.4, 84, 79, 86.4, 80, 86.6, 81.8, 83.5, 87, 81.5),
('1213114874', 'MUHAMMAD BANDUNG RADEA', 'XII-RPL3', 81.4, 82.8, 83.8, 83.3, 76.8, 83.7, 78.4, 82.6, 80.6, 81.7, 81.8, 82.2),
('1213114875', 'MUMAMMAD ICHSAN ADLIANSYAH', 'XII-RPL3', 80.7, 81.7, 85, 82.5, 90, 82.4, 81, 85.8, 81, 80.6, 84.2, 79.9),
('1213114876', 'REVIAN ADIPUTRA WAHYUDI', 'XII-RPL3', 78.9, 79.4, 81.4, 81, 75.8, 80.7, 78.9, 78.7, 81.6, 80.6, 83.4, 78.5),
('1213114877', 'RICKY SUBAGJA', 'XII-RPL3', 79.8, 80.3, 81.6, 79.8, 75.8, 79.4, 78.8, 76.4, 81.5, 81.2, 80.2, 79.7),
('1213114878', 'RIFKI ACHMAD FAISHAL', 'XII-RPL3', 79.8, 83, 83, 82.8, 77.5, 83.7, 78.5, 81.1, 80.9, 82, 87.3, 81.4),
('1213114879', 'RIZKY SENJA BUDIMAN', 'XII-RPL3', 78.7, 80.3, 82.2, 79.9, 75.8, 80.4, 77.8, 77.2, 81.3, 81.3, 79.7, 77.3),
('1213114880', 'ROBBY NUGRAHA SOENDARA PUTRA', 'XII-RPL3', 77.5, 80.6, 82.3, 81.8, 75.8, 80.4, 78.5, 78.4, 79.3, 79.2, 83.7, 77.8),
('1213114881', 'ROHMAT NURSALAM', 'XII-RPL3', 80, 80.3, 84.2, 80, 77.3, 82.4, 80, 78.7, 81.3, 80, 83.6, 78.9),
('1213114882', 'SAKARENA JULIA SUTIA RASIDI', 'XII-RPL3', 79.9, 82, 80.6, 81.7, 82.8, 81.4, 78.6, 77, 80.2, 80.9, 81, 78.9),
('1213114883', 'SILMA NURUL FITRIANI', 'XII-RPL3', 80.9, 82.7, 81.5, 81.5, 86.3, 81.9, 80.3, 78.4, 81.7, 80.2, 82.7, 79.8),
('1213114884', 'TANTI SULISTYANI', 'XII-RPL3', 81.2, 81.5, 81.2, 82.1, 78.8, 82.4, 79.2, 77.9, 81.5, 82.4, 82.8, 78.8),
('1213114885', 'TAUFIQ ABDUL ROHMAN SALEH', 'XII-RPL3', 79.3, 80.8, 81, 79.8, 76.5, 79.4, 78.8, 76.8, 79.5, 80, 79.1, 79.7),
('1213114886', 'THORIQ AINILHUSEIN', 'XII-RPL3', 78.6, 80.5, 80.8, 82.8, 76.5, 80.4, 79.3, 77.6, 81, 81.6, 81.2, 79.7),
('1213114887', 'TONI FIRMANSYAH', 'XII-RPL3', 80.6, 80.7, 78, 81.1, 76, 79, 77.2, 76.7, 81.8, 80.1, 79.4, 79.3),
('1213114888', 'TRI ADI PUTRA', 'XII-RPL3', 77, 79.4, 78.9, 81, 76, 77.4, 76.7, 75.2, 79.9, 81.8, 78.4, 77.5),
('1213114889', 'WILDA AZIS PRATAMA', 'XII-RPL3', 78.5, 80.9, 77.8, 79.8, 75, 79.4, 76.4, 75.3, 79.5, 78.9, 78.1, 79),
('1213114890', 'YUDHA MEGANTARA', 'XII-RPL3', 76.4, 81, 80.3, 81.8, 77.3, 80, 78.8, 77.7, 81.6, 80.7, 80.3, 79.2),
('1213114891', 'AGIL DARISALAM', 'XII-MM1', 82.1, 84.5, 82.5, 82.1, 78.5, 80.7, 79.3, 82, 83.4, 82.9, 87.8, 81.5),
('1213114892', ' ALDI MAULANA', 'XII-MM1', 77.4, 81.9, 80.6, 82.6, 77.8, 79, 76.5, 76, 80.5, 79.6, 81.2, 81),
('1213114893', ' ANGGA LUGINA', 'XII-MM1', 76.9, 82.2, 79.3, 79.1, 76.5, 76, 79, 76.2, 79.2, 82.6, 80.5, 78),
('1213114894', ' ARI AMAS ANSHORU', 'XII-MM1', 78.1, 80.9, 79.2, 79.9, 76, 87, 77.9, 75.9, 80.3, 79.9, 79, 80.4),
('1213114895', 'ASEP NURIMAN', 'XII-MM1', 77.8, 81.3, 81.2, 83, 76.3, 81.4, 78.8, 77.7, 81.6, 83.4, 83.1, 81.4),
('1213114896', 'DEVI WULANDARI', 'XII-MM1', 81.1, 82.1, 84.3, 81, 78.5, 87, 82, 80.2, 81.8, 81.3, 84.8, 87.7),
('1213114897', ' DEVIANTI SARASWATI IBRAHIM', 'XII-MM1', 77.4, 80.1, 81.4, 81, 75.8, 76.2, 79.3, 76.9, 81.2, 83.2, 83.4, 77.2),
('1213114898', 'EGGY BINTANG NUGRAHA', 'XII-MM1', 79.9, 81.3, 81.4, 82.8, 75, 78.4, 78.4, 78.8, 81.2, 80.7, 83.6, 81.3),
('1213114899', 'FAJAR MAULANA AKBAR', 'XII-MM1', 78.7, 81.5, 78.3, 79, 76.5, 78, 78.8, 76.2, 80.1, 81.9, 81.7, 79.8),
('1213114900', 'ILHAM AGUNG PERMANA', 'XII-MM1', 79, 80.6, 78.6, 80.5, 75, 75.9, 78.2, 76.3, 78.6, 80.5, 80.1, 78.5),
('1213114901', 'ILHAM WIJAYA HARTANA', 'XII-MM1', 76.5, 80.5, 80.9, 80, 75, 76, 77.9, 75, 78.4, 82.2, 82.2, 78.2),
('1213114902', 'IQBAL HAMBALI', 'XII-MM1', 78.1, 81, 78.4, 81.2, 75.3, 75.9, 78.8, 76.6, 80.4, 80, 79.1, 79.4),
('1213114903', 'IRHAM FAUZAN', 'XII-MM1', 76.2, 80.3, 77.1, 78.6, 75, 77, 78.7, 76.5, 79.5, 81.3, 81, 77.9),
('1213114904', 'IRVAN QADRI', 'XII-MM1', 78.9, 81.1, 82.2, 80.5, 82.5, 78.7, 80, 79.8, 79.4, 79.2, 85.7, 79.9),
('1213114905', 'JUDITH MEGA RAKHMA', 'XII-MM1', 82, 82.6, 83.2, 80.8, 82.8, 80, 79, 80.8, 80.4, 81.5, 86, 80.7),
('1213114906', 'KEMAS MUHAMMAD NAUVAL FIRDAUS', 'XII-MM1', 80.2, 82.1, 81.7, 82.9, 80.5, 87.4, 80.4, 84.2, 82.8, 81.1, 83.1, 84),
('1213114907', 'LASYIFA', 'XII-MM1', 81.6, 84.1, 82.4, 82, 79.5, 85.4, 80.6, 88.3, 82.7, 87.4, 81.2, 82.7),
('1213114908', 'MANCARA RAHAJENG', 'XII-MM1', 81.5, 83.4, 81, 83.8, 78, 90, 79.7, 80.4, 81.9, 83.1, 81.5, 83.7),
('1213114909', 'MUHAMAD ALDI FERDIANSYAH', 'XII-MM1', 80.5, 84.4, 81.9, 83.1, 77, 87, 80.7, 86.8, 81.3, 85, 81.5, 83.4),
('1213114910', 'MUHAMMAD DHIYA ULHAQQ', 'XII-MM1', 81.9, 81.5, 79.4, 80.2, 77.3, 83.7, 78.8, 82.9, 79.8, 82.6, 82.3, 79),
('1213114911', 'MUHAMMAD ALDIANSYAH ZEIN', 'XII-MM1', 79.3, 83.6, 82.9, 84, 79.5, 89.4, 81.7, 83.7, 82.7, 82.9, 82.6, 82.2),
('1213114912', 'MUHAMMAD FADLI ABDURROSYID', 'XII-MM1', 81.9, 82.1, 80.7, 82.9, 78, 85, 79.5, 80.9, 82.2, 81.1, 82.1, 82),
('1213114913', 'NADIA SALSABILLA', 'XII-MM1', 81.5, 81.1, 82, 82.5, 77.3, 81.7, 81.4, 77.9, 83.2, 83.9, 80.9, 80.3),
('1213114914', 'NADIN SYLVA OLIVIA', 'XII-MM1', 81.9, 82.4, 77.6, 79.5, 78.8, 82.5, 79.5, 85.1, 82.1, 80.4, 83.4, 78.5),
('1213114915', 'NISA MAULIDIA NABILA', 'XII-MM1', 81.5, 80.6, 82.7, 83.4, 77, 88.5, 80.4, 81, 80.8, 80.5, 83.4, 83.2),
('1213114916', 'QUDROTUL ICHSAN SAPUTRA', 'XII-MM1', 82.1, 80.6, 80.6, 81.8, 78.3, 85, 78.7, 83.1, 83.4, 80.5, 80.9, 82),
('1213114917', 'RAHMAD RIZKI', 'XII-MM1', 77.5, 80.4, 77.9, 79.7, 78.8, 82.4, 78.7, 77.7, 81.4, 80.3, 81.9, 79.2),
('1213114918', 'RAHMAT HIDAYAT', 'XII-MM1', 78.9, 81.3, 78.6, 79, 75.8, 83.4, 78.9, 79.1, 82.2, 81.1, 79.3, 80),
('1213114920', 'RIDHO FATHURRAHMAN', 'XII-MM1', 79.1, 82.3, 76.9, 80.5, 77, 82, 78.4, 77.6, 82, 80.4, 79.9, 79.3),
('1213114921', 'RIO  NOVIRDIAN ABISHAH PUTRA', 'XII-MM1', 84.2, 81.2, 80.8, 81.1, 76.8, 81, 79.8, 79, 81.5, 84.5, 84.9, 78.7),
('1213114922', 'SEMARA RASMARANI AGUSTINO', 'XII-MM1', 82.2, 83.7, 82.7, 82.5, 76, 90.4, 81.2, 80.4, 82, 82.5, 85.4, 82.7),
('1213114923', 'SITA MEIRETA PUTRI', 'XII-MM1', 83.2, 85.6, 82.4, 82, 78.8, 86.4, 82.7, 87.5, 81.1, 81.9, 84.3, 82.5),
('1213114925', 'YUDI JUNAEDI PURNAMA SIDIK', 'XII-MM1', 81.1, 81.1, 81.3, 82, 75, 83, 80.9, 78.5, 81.4, 80.2, 83.8, 78.9),
('1213114926', 'ZULFA AZZAHRA', 'XII-MM1', 82.9, 84.4, 81.7, 82.8, 78.8, 86.5, 81.9, 82, 82.3, 83.4, 82.5, 81.5),
('1213114928', 'ARRIVAL DWI SENTOSA', 'XII-RPL1', 79.8, 85.5, 82.9, 82.9, 82.8, 93, 82, 82.3, 80.3, 80, 90.6, 79.8);

-- --------------------------------------------------------

--
-- Table structure for table `t_siswa`
--

CREATE TABLE `t_siswa` (
  `id_siswa` int(11) NOT NULL,
  `nis` varchar(18) NOT NULL,
  `nama` varchar(50) NOT NULL,
  `ttl` varchar(30) NOT NULL,
  `id_kelas` int(11) NOT NULL,
  `id_jurusan` int(11) NOT NULL
) ENGINE=InnoDB DEFAULT CHARSET=latin1;

--
-- Dumping data for table `t_siswa`
--

INSERT INTO `t_siswa` (`id_siswa`, `nis`, `nama`, `ttl`, `id_kelas`, `id_jurusan`) VALUES
(2, '1213114612', 'AGY KURNIA', 'Bandung, 2 Januari 1996', 1, 1),
(3, '1213114613', 'BAGAS PURNAMA', 'Garut, 19 Oktober 1997', 1, 1),
(4, '1213114614', 'CAHYADI AGUSTINE', 'Bandung, 13 Agustus 1996', 1, 1),
(5, '1213114615', 'CAHYO PAMBUDI', 'Bandung, 26 November 1996', 1, 1),
(6, '1213114616', 'DANI RAMDANI', 'Bandung, 6 April 1996', 1, 1),
(7, '1213114617', 'DEDEN ALI SAID', 'Bandung, 11 Oktober 1996', 1, 1),
(8, '1213114618', 'DEFI YANTI', 'Bandung, 5 Juni 1997', 1, 1),
(9, '1213114619', 'DERI NUGI NUGRAHA', 'Bandung, 25 November 1996', 1, 1),
(10, '1213114620', 'EKI KURNIAWAN', 'Bandung, 5 Oktober 1996', 1, 1),
(11, '1213114621', 'FADLI MAULANA AKBAR', 'Bandung, 21 Mei 1997', 1, 1),
(12, '1213114622', 'FEBRIAN LUTFI PRAMANDA', 'Bandung, 22 Februari 1997', 1, 1),
(13, '1213114623', 'GILANG RAMADHAN', 'Bandung, 2 Februari 1997', 1, 1),
(14, '1213114625', 'IRSAN FAHTURAHMAN', 'Bandung, 1 Juni 1997', 1, 1),
(15, '1213114626', 'IRWAN HERMANSYAH', 'Bandung, 28 Desember 1997', 1, 1),
(16, '1213114628', 'MOCHAMAD TEGAR KARNAIN', 'Bandung, 17 Januari 1997', 1, 1),
(17, '1213114629', 'MOHAMAD RIDWAN', 'Bandung, 19 Juli 1997', 1, 1),
(18, '1213114630', 'MUFQI ARROSYIDATUL MAJID', 'Bandung, 16 Januari 1997', 1, 1),
(19, '1213114631', 'MUHAMAD BILLY', 'Bandung, 28 Juni 1997', 1, 1),
(20, '1213114632', 'MUHAMMAD ICHSANUDIN', 'Bandung, 13 Agustus 1997', 1, 1),
(21, '1213114633', 'OXA FIANA FIRDAUS', 'Bandung, 11 Oktober 1997', 1, 1),
(22, '1213114635', 'RIFQI FADILATUL AZMI', 'Bandung, 13 Januari 1997', 1, 1),
(23, '1213114636', 'RIZQIN RASYADI', 'Bandung, 13 Juni 1997', 1, 1),
(24, '1213114637', 'RONI KURNIAWAN', 'Cilacap, 19 September 1996', 1, 1),
(25, '1213114638', 'SALMAN PRASETYO', 'Bandung, 21 Desember 1996', 1, 1),
(26, '1213114639', 'SANDY MARDIANSYAH', 'Sumedang, 10 Maret 1997', 1, 1),
(27, '1213114640', 'SATRIA LESMANA', 'Bandung, 24 Desember 1997', 1, 1),
(28, '1213114641', 'SHIFANA ZAHRA NUR I', 'Bandung, 12 Agustus 1997', 1, 1),
(29, '1213114642', 'VANI TRI PALENTINA', 'Bandung, 14 Februari 1996', 1, 1),
(30, '1213114643', 'WILDAN NASRULLOH', 'Bandung, 28 Agustus 1996', 1, 1),
(31, '1213114644', 'YAYANG ANWARI YUANDHITRA', 'Bandung, 10 Desember 1996', 1, 1),
(33, '1213114645', 'ACHMAD FAIZAL ARFASAD', 'Bandung, 11 Juni 1997', 2, 1),
(34, '1112114222', 'AKBAR WIDIARTHA PUTRA', 'Bandung, 21 Februari 1997', 2, 1),
(35, '1213114646', 'BARAN MULYANA', 'Bandung, 10 Februari 1997', 2, 1),
(36, '1213114648', 'DEDEN SANDI KURNIAWAN', 'Bandung, 29 Oktober 1996', 2, 1),
(37, '1213114649', 'DENI SAPUTRA', 'Bandung, 27 November 1997', 2, 1),
(38, '1213114651', 'DWI OKTRIYADY PRATAMA', 'Bandung, 26 Oktober 1997', 2, 1),
(39, '1213114652', 'GALIH PRATAMA', 'Bandung, 31 Agustus 1997', 2, 1),
(40, '1213114653', 'GALIH SETIAWAN', 'Bandung, 6 Oktober 1997', 2, 1),
(41, '1213114655', 'KANDIAWAN', 'Bandung, 26 April 1997', 2, 1),
(42, '1213114659', 'MUHAMMAD IQBAL', 'Bandung, 23 Agustus 1997', 2, 1),
(43, '1213114656', 'MOCHAMAD RIFFA MIFTAH ZAELANI', 'Bandung, 16 Mei 1997', 2, 1),
(44, '1213114657', 'MOH RAFI NURHADI A.', 'Bandung, 22 Januari 1998', 2, 1),
(45, '1213114658', 'MUHAMMAD FEBRIAN HASBY A', 'Bandung, 24 Februari 1997', 2, 1),
(46, '1213114660', 'MUHAMMAD IRSAN FAUZI', 'Bandung, 19 Mei 1997', 2, 1),
(47, '1213114661', 'MUHAMMAD SOFIANDI', 'Bandung, 28 November 1996', 2, 1),
(48, '1213114662', 'MUHAMMAD SYARIF SUTRISNO PUTRA', 'Bandung, 7 September 1997', 2, 1),
(49, '1213114663', 'MUHAMMAD ZHAFAR AL-RAZZAQ', 'Bandung, 15 November 1997', 2, 1),
(50, '1213114664', 'OGI GUNAWAN', 'Bandung, 28 Februari 1997', 2, 1),
(51, '1213114665', 'RACHMAWANTORO PAMBUDI', 'Kebumen, 17 Maret 1997', 2, 1),
(52, '1213114666', 'RADEN CAHYA NUGRAHA', 'Bandung, 9 Juli 1996', 2, 1),
(53, '1213114667', 'RIDWAN SOMANTRI', 'Bandung, 20 Maret 1997', 2, 1),
(54, '1213114668', 'RIKI RAMADHAN ANWARUDIN', 'Bandung, 16 Januari 1997', 2, 1),
(55, '1213114669', 'RIKO FEBRIANSYAH', 'Bandung, 17 Februari 1997', 2, 1),
(56, '1213114670', 'RISKI DWI RIGARNO', 'Bandung, 3 Desember 1997', 2, 1),
(57, '1213114671', 'RIVA DZULFIQAR', 'Bandung, 28 Juli 1997', 2, 1),
(58, '1213114672', 'SYAMSUL MAARIP', 'Tasikmalaya, 26 Agustus 1996', 2, 1),
(59, '1213114677', 'TEGUH ARDYANTO', 'Bandung, 1 Agustus 1997', 2, 1),
(60, '1213114674', 'ZAENAL MUSTOFA', 'Bandung, 14 Maret 1997', 2, 1),
(61, '1213114675', 'ZEFANYA ZAKARIA', 'Bandung, 5 September 1995', 2, 1),
(62, '1213114676', 'ZULHAMI SAPTA IMAWAN', 'Bandung, 2 Mei 1997', 2, 1),
(63, '1213114509', 'ADITHIA RIZKY PRABOWO', 'Bandung, 31 Agustus 1997', 3, 2),
(64, '1213114510', 'AGUNG RAKHMADI', 'Bandung, 29 Maret 1998', 3, 2),
(65, '1213114511', 'ALFAYED GUSTIAWAN', 'Bandung, 31 Agustus 1997', 3, 2),
(66, '1213114513', 'AMBAR NAFA NISA', 'Bandung, 31 Agustus 1997', 3, 2),
(67, '1213114514', 'ARIF NUR IHSAN', 'Bandung, 7 Oktober 1997', 3, 2),
(68, '1213114515', 'CINTIA INTAN TAMALA', 'Bandung, 4 Februari 1997', 3, 2),
(69, '1213114517', 'DENNIL SYAHRUL', 'Bandung, 4 Maret 1996', 3, 2),
(70, '1213114518', 'DERIK RIYANTO', 'Bandung, 19 September 1997', 3, 2),
(71, '1213114519', 'ERIK HARDIANSYAH', 'Bandung, 5 Mei 1997', 3, 2),
(72, '1213114521', 'FADHIL AHMAD NAUFAL', 'Bandung, 22 Mei 1996', 3, 2),
(73, '1213114522', 'FREDY PRATAMA', 'Bandung, 16 Mei 1997', 3, 2),
(74, '1213114523', 'GUSTI MUHAMMAD ALDIANSYAH', 'Jakarta, 19 Desember 1997', 3, 2),
(75, '1213114524', 'HARISTIO SANJAYA', 'Bandung, 12 Oktober 1997', 3, 2),
(76, '1213114525', 'INDRA SAELAN', 'Bandung, 20 Maret 1997', 3, 2),
(77, '1213114526', 'KEVIN FASHA MUHAMMAD NUGRAHA', 'Bandung, 24 Agustus 1997', 3, 2),
(78, '1213114527', 'MIRA JUHARYATI', 'Bandung, 1 Mei 1998', 3, 2),
(79, '1213114528', 'NADYA MARDHOTILLAH', 'Bandung, 3 Mei 1997', 3, 2),
(80, '1213114529', 'NAUFAL LUTHFI AZIZ D', 'Bandung, 24 Februari 1997', 3, 2),
(81, '1213114530', 'NIKO TRIANTO', 'Bandung, 11 Desember 1997', 3, 2),
(82, '1213114531', 'NISRINA SALSABILA', 'Bandung, 3 Desember 1997', 3, 2),
(83, '1213114532', 'NURSITA SARI ANGGRAENI', 'Bandung, 8 Juni 1997', 3, 2),
(84, '1213114533', 'PRATAMA PUTRA', 'Cirebon, 22 Agustus 1996', 3, 2),
(85, '1213114534', 'PUSPA ANGRAENI', 'Bandung, 9 Desember 1996', 3, 2),
(86, '1213114535', 'RAKA SEPTIANA PUTRA', 'Bandung, 6 Mei 1997', 3, 2),
(87, '1213114536', 'REGIA RIZKI PERTIWI', 'Bandung, 29 Maret 1997', 3, 2),
(88, '1213114538', 'RIZKI WACHYUDIN', 'Bandung, 4 Desember 1997', 3, 2),
(89, '1213114539', 'RIZKY SAMUDERA', 'Bandung, 28 Oktober 1996', 3, 2),
(90, '1213114540', 'SOBUR', 'Bandung, 1 Februari 1996', 3, 2),
(91, '1213114544', 'AGUNG SAPUTRA', 'Bandung, 13 Juli 1996', 4, 2),
(92, '1213114546', 'ANGGI NURSILVIANI', 'Bandung, 18 Januari 1997', 4, 2),
(93, '1213114547', 'ARIP ARIPIN', 'Bandung, 14 Mei 1997', 4, 2),
(94, '1213114548', 'BAYU SETIAWAN', 'Cianjur, 15 September 1996', 4, 2),
(95, '1213114549', 'CHANDRA ADI PUTRA', 'Bandung, 10 Oktober 1997', 4, 2),
(96, '1213114550', 'DICKY MOCHAMAD RIZAL', 'Bandung, 30 April 1997', 4, 2),
(97, '1213114551', 'ERIN RINTANA SOLEH', 'Bandung, 3 Januari 1997', 4, 2),
(98, '1213114553', 'FARHAN FATHURACHMAN A', 'Bandung, 11 Februari 1998', 4, 2),
(99, '1213114554', 'FAUZAN HIZARKASIH', 'Sukabumi, 4 Juni 1997', 4, 2),
(100, '1213114555', 'GALANG ACHMAD PAIZAL', 'Bandung, 7 September 1997', 4, 2),
(101, '1213114556', 'HUSNA RAHMAN FAUZI', 'Bandung, 10 Agustus 1996', 4, 2),
(102, '1213114557', 'IMAM ABDUL MALIK', 'Bandung, 12 Mei 1996', 4, 2),
(103, '1213114558', 'INDRA PERMANA', 'Bandung, 16 September 1996', 4, 2),
(104, '1213114559', 'ITA ROBIAH ADAWIAH', 'Bandung, 29 September 1996', 4, 2),
(105, '1213114560', 'KAHFI MOHAMAD BINTANG', 'Bandung, 24 Agustus 1996', 4, 2),
(106, '1213114561', 'MEIJI RIDHO SAPUTRA', 'Bandung, 4 Juni 1997', 4, 2),
(107, '1213114563', 'MOHAMMAD ADYTIA SUHUD', 'Bandung, 30 Juni 1997', 4, 2),
(108, '1213114564', 'MUHAMAD SANDI PERMANA', 'Bandung, 26 Desember 1996', 4, 2),
(109, '1213114565', 'MUHAMMAD RIDWAN WAHYUDIN', 'Bandung, 24 April 1996', 4, 2),
(110, '1213114566', 'NUR HASANAH', 'Bandung, 14 Juni 1997', 4, 2),
(111, '1213114567', 'PASCALIS ELFAN', 'Bandung, 30 Maret 1997', 4, 2),
(112, '1213114568', 'RAKA AKBARI', 'Bandung, 14 Agustus 1997', 4, 2),
(113, '1213114569', 'REZA EKA ALFARISI', 'Sukabumi, 12 November 1996', 4, 2),
(114, '1213114570', 'RIZKY TAUFIK FIRDZIAWAN', 'Cirebon, 5 Januari 1997', 4, 2),
(115, '1213114571', 'SAMPURNA SYAHRUL RAMADHAN', 'Bandung, 8 Januari 1998', 4, 2),
(116, '1213114572', 'SARAH YUNIAR', 'Bandung, 2 Juni 1998', 4, 2),
(117, '1213114573', 'SETIAWAN JORDY', 'Bandung, 26 April 1997', 4, 2),
(118, '1213114574', 'SYAID AHMAD FAHRI', 'Bogor, 22 Maret 1997', 4, 2),
(119, '1213114575', 'TEGUH PRAYOGA', 'Bandung, 3 November 1996', 4, 2),
(120, '1213114576', 'YOGI MUHAMMAD AGUSTIRA', 'Bandung, 18 Agustus 1997', 4, 2),
(121, '1213114577', 'ZIAN FIKRI', 'Bandung, 6 Mei 1997', 4, 2),
(122, '1213114579', 'AGUNG ISMOYO', 'Bandung, 22 Desember 1996', 5, 2),
(123, '1213114580', 'AGUS SOPIAN', 'Bandung, 24 Agustus 1996', 5, 2),
(124, '1213114581', 'ANGGA SEPTIAN', 'Bandung, 31 Oktober 1997', 5, 2),
(125, '1213114582', 'ANISA FAUZIAH', 'Bandung, 13 Januari 1997', 5, 2),
(126, '1213114583', 'ARIEL ANGGRAWAN ORTEGA', 'Bandung, 16 Juli 1997', 5, 2),
(127, '1213114584', 'CANDRA ABU ROJAB', 'Bandung, 8 Desember 1996', 5, 2),
(128, '1213114585', 'DAHLAN ISKANDAR', 'Bandung, 23 Mei 1997', 5, 2),
(129, '1213114586', 'DESI MAHARTIKA', 'Bandung, 5 September 1997', 5, 2),
(130, '1213114587', 'DESI NUR WULAN', 'Bandung, 9 April 1996', 5, 2),
(131, '1213114588', 'DEWITA NUR UTAMI', 'Bandung, 13 Juni 1997', 5, 2),
(132, '1213114589', 'ERWIN SETIAWAN', 'Bandung, 24 November 1996', 5, 2),
(133, '1213114590', 'FINKA NOVIANTI SUKIRMAN', 'Bandung, 25 November 1996', 5, 2),
(134, '1213114591', 'GAMA ANGGADIPA PRATAMA', 'Bandung, 15 Agustus 1997', 5, 2),
(135, '1213114592', 'HARITS FIRMANSYAH', 'Bandung, 17 April 1997', 5, 2),
(136, '1213114594', 'IKA NURHASANAH', 'Bandung, 26 Desember 1996', 5, 2),
(137, '1213114595', 'INDRI RAHAYU', 'Bandung, 14 Januari 1997', 5, 2),
(138, '1213114596', 'JAUHAR DUDAYEV', 'Depok, 14 Mei 1996', 5, 2),
(139, '1213114597', 'KRISTI AYUDIA', 'Bandung, 14 Juni 1998', 5, 2),
(140, '1213114600', 'MOHAMAD KEMAL GHIFFARI', 'Bandung, 30 April 1997', 5, 2),
(141, '1213114601', 'MUHAMAD FAISAL', 'Garut, 6 Januari 1997', 5, 2),
(142, '1213114602', 'MUHAMMAD ICHSAN ANWAR SALMAN', 'Bandung, 25 Agustus 1997', 5, 2),
(143, '1213114604', 'RIZKY GUMILAR RAMADHAN', 'Bandung, 30 Januari 1997', 5, 2),
(144, '1213114606', 'SHOFI FAUZI NURADIANA', 'Bandung, 29 Juli 1997', 5, 2),
(145, '1213114607', 'SYACHRUL MALIK IBRAHIM', 'Bandung, 22 Desember 1996', 5, 2),
(146, '1213114608', 'TAOPIK ZAELANI', 'Bandung, 7 Mei 1997', 5, 2),
(147, '1213114609', 'TRISNA NUGRAHA', 'Bandung, 25 November 1996', 5, 2),
(148, '1213114610', 'YUSUF GUTARA', 'Bandung, 6 Januari 1997', 5, 2),
(149, '1213114611', 'ZIAR AJI IBRAHIM', 'Bandung, 26 Juni 1997', 5, 2),
(150, '1213114678', 'ACHMED AZHARI RIZKY F', 'Bandung, 20 Agustus 1996', 6, 3),
(151, '1213114679', 'AHMAD MUZAKI SYAFII', 'Bandung, 16 Juli 1997', 6, 3),
(152, '1213114681', 'BIMANTARA SEPTIANTO', 'Bandung, 9 September 1997', 6, 3),
(153, '1213114683', 'DACEP RAMDAN', 'Bandung, 25 Januari 1997', 6, 3),
(154, '1213114684', 'DENDI RAHMAN', 'Bandung, 14 Maret 1997', 6, 3),
(155, '1213114685', 'DENYS MUHAMAD SAPUTRA', 'Bandung, 22 November 1996', 6, 3),
(156, '1213114686', 'DIMAS ARIWIBOWO', 'Bandung, 3 Agustus 1997', 6, 3),
(157, '1213114687', 'GAGAN TARGANA', 'Bandung, 6 Desember 1996', 6, 3),
(158, '1213114689', 'INDAH SITI SAADAH', 'Bandung, 27 Februari 1997', 6, 3),
(159, '1213114690', 'ISEP IAN SEPTIAN', 'Bandung, 16 September 1996', 6, 3),
(160, '1213114692', 'JOKO SUMARACH', 'Bandung, 20 Maret 1997', 6, 3),
(161, '1213114693', 'KHOLIP PAHRUDIN', 'Bandung, 18 Juni 1997', 6, 3),
(162, '1213114694', 'MUCHAMAD YUDA SWARGANI', 'Bandung, 13 April 1997', 6, 3),
(163, '1213114695', 'MUHAMMAD RIDWAN NASHRULLOH', 'Bandung, 8 Maret 1998', 6, 3),
(164, '1213114696', 'NAZMA KAUTSAR GUNARKO PUTRA', 'Bandung, 12 Desember 1996', 6, 3),
(165, '1213114697', 'NUMAN AKBARI', 'Bandung, 15 September 1997', 6, 3),
(166, '1213114698', 'RAKA RIZKY PRATAMA', 'Bandung, 13 Maret 1997', 6, 3),
(167, '1213114699', 'REGI MAULANA IBRAHIM', 'Bandung, 5 Juni 1997', 6, 3),
(168, '1213114700', 'RENA SOLIHAT', 'Bandung, 10 Februari 1997', 6, 3),
(169, '1213114702', 'RIVAL PERDANA', 'Bandung, 12 April 1997', 6, 3),
(170, '1213114701', 'RIFQI FAUZI AZHARI', 'Bandung, 9 Juni 1997', 6, 3),
(171, '1213114704', 'RIZKY RIVALDHY', 'Bandung, 15 April 1996', 6, 3),
(172, '1213114706', 'SARIP KRISSANDI', 'Bandung, 14 Juni 1997', 6, 3),
(173, '1213114707', 'SEFTIAN ARDI PANGESTU', 'Bandung, 2 September 1997', 6, 3),
(174, '1213114708', 'SEPTIAN ANUGRAH PUTRA', 'Bandung, 25 September 1997', 6, 3),
(175, '1213114709', 'TRI YUANA PUTRA', 'Bandung, 10 Juni 1997', 6, 3),
(176, '1213114710', 'TUBAGUS IDHARUL JIHAD', 'Bandung, 18 Oktober 1996', 6, 3),
(177, '1213114711', 'YULINAR RAHAYU', 'Bandung, 19 Juli 1997', 6, 3),
(178, '1213114712', 'ZHEHAN ALMUKHAROM', 'Bandung, 4 September 1996', 6, 3),
(179, '1213114713', 'ADITYA NUR FAJAR', 'Bandung, 7 Januari 1996', 7, 3),
(180, '1213114714', 'AHMAD RIJAL S', 'Bandung, 29 Juli 1997', 7, 3),
(181, '1213114715', 'ARIF LUTFI NIRWAN ADIL', 'Bandung, 28 April 1997', 7, 3),
(182, '1213114716', 'AYU RETNISSA AMALIA', 'Bandung, 16 Maret 1997', 7, 3),
(183, '1213114719', 'DEYAN RAHMATTULLOH', 'Bandung, 5 November 1997', 7, 3),
(184, '1213114720', 'DIKI RAHMAN SURYANA', 'Bandung, 7 Maret 1997', 7, 3),
(185, '1213114721', 'FAHMI ABDUL AZZIS', 'Bandung, 11 November 1996', 7, 3),
(186, '1213114722', 'FANDI AHMAD SUGIAN T', 'Bandung, 10 Februari 1997', 7, 3),
(187, '1213114723', 'FARID RIZQI MAULANA', 'Bandung, 10 Juli 1998', 7, 3),
(188, '1213114724', 'FARIS ABDILLAH HUDIYA', 'Bandung, 22 Januari 1998', 7, 3),
(189, '1213114725', 'GERRY ADAM GUSTAMAN', 'Bandung, 24 Agustus 1997', 7, 3),
(190, '1213114726', 'IGOS DELIANDI', 'Bandung, 31 Januari 1998', 7, 3),
(191, '1213114727', 'JAKA SURYA', 'Bandung, 20 Agustus 1995', 7, 3),
(192, '1213114728', 'LIDYA REZA', 'Bandung, 27 Agustus 1997', 7, 3),
(193, '1213114729', 'MASTUR MULYONO', 'Bandung, 26 Juli 1998', 7, 3),
(194, '1213114730', 'MOCHAMAD  FIKRI RAMDANI', 'Bandung, 30 Januari 1997', 7, 3),
(195, '1213114731', 'MUHAMMAD FAHRUDIN NOZA', 'Bandung, 15 Januari 1997', 7, 3),
(196, '1213114732', 'MUHAMMAD ILMAN NAFIAN', 'Bandung , 3 Desember 1996', 7, 3),
(197, '1213114733', 'MUHAMMAD KAMAL LAIL', 'Bandung, 26 Februari 1997', 7, 3),
(198, '1213114734', 'OCEU HERDIANSYAH', 'Bandung, 7 Maret 1996', 7, 3),
(199, '1213114735', 'RAKA ZAVILY YULIANTO', 'Bandung, 15 Oktober 1997', 7, 3),
(200, '1213114736', 'RECKY ADITYA RAMADHAN', 'Bandung, 27 Januari 1997', 7, 3),
(201, '1213114737', 'RIFQY ADHITAMA N', 'Ciamis, 23 April 1997', 7, 3),
(202, '1213114738', 'RIZKY DWI NUR ALAM', 'Bandung, 25 Juli 1996', 7, 3),
(203, '1213114739', 'RYAN RAMADAN', 'Bandung, 19 Januari 1997', 7, 3),
(204, '1213114740', 'SONY HERMAWAN', 'Bandung, 18 September 1997', 7, 3),
(205, '1213114741', 'TEGAR PUTRAJAYA', 'Jakarta, 1 Oktober 1996', 7, 3),
(206, '1213114742', 'TIA NURFIANA', 'Bandung, 26 Februari 1997', 7, 3),
(207, '1213114743', 'YANDA MAJID FATAH', 'Bandung, 6 Maret 1997', 7, 3),
(208, '1213114745', 'ADITYA DEWATA PUTRA', 'Denpasar, 25 Juni 1997', 8, 4),
(209, '1213114746', 'ARFIN SURYA NUGRAHA', 'Bandung, 13 November 1997', 8, 4),
(210, '1213114747', 'ARIYA AGUSTIAN RIYADHI', 'Majalengka, 4 Agustus 1997', 8, 4),
(211, '1213114748', 'BAGAS SUBAGJA WIRANATA', 'Bandung, 7 Juli 1997', 8, 4),
(212, '1213114749', 'BERLIAN NURFADHILAH', 'Bandung, 7 Juni 1997', 8, 4),
(213, '1213114750', 'DESPHI SATRIA NURJAYA', 'Bandung, 8 Desember 1996', 8, 4),
(214, '1213114751', 'FEBYAN MAULANA BASYIT', 'Bandung, 10 Desember 1996', 8, 4),
(215, '1213114752', 'GALANG PRABOWO', 'Bandung, 14 Agustus 1997', 8, 4),
(216, '1213114753', 'KUSDIANA', 'Tasikmalaya, 25 Agustus 1996', 8, 4),
(217, '1213114754', 'MAGFIRAH RIFA FAUZIYAH', 'Bandung, 25 Desember 1997', 8, 4),
(218, '1213114755', 'MIFTAH FAUZI', 'Bandung, 3 Agustus 1997', 8, 4),
(219, '1213114756', 'MOCHAMAD ANJAR GHANI', 'Bandung, 6 Juni 1997', 8, 4),
(220, '1213114757', 'MOCHAMMAD FAISHAL DWIYANTO', 'Bandung, 9 Agustus 1997', 8, 4),
(221, '1213114758', 'MOHAMMAD FARIZ HAWARI', 'Bandung, 28 Februari 1998', 8, 4),
(222, '1213114759', 'MUHAMMAD LUTFY F.', 'Cirebon, 9 September 1997', 8, 4),
(223, '1213114760', 'MUNIR SABILIR RUSYDI', 'Bandung, 23 Desember 1996', 8, 4),
(224, '1213114761', 'NUR FITRIANI M', 'Ciamis, 2 Februari 1997', 8, 4),
(225, '1213114762', 'OKI SETIAWAN', 'Bandung, 18 Oktober 1997', 8, 4),
(226, '1213114763', 'RACHMAT JAMIATURROCHMAN', 'Bandung, 5 September 1997', 8, 4),
(227, '1213114764', 'RAHMAN ABDUL RAZAK', 'Bandung, 14 Februari 1997', 8, 4),
(228, '1213114765', 'RENANTA ADITYA MUHAMAD', 'Bandung, 12 Mei 1997', 8, 4),
(229, '1213114766', 'RIFQI LUTHFI', 'Bandung, 20 September 1997', 8, 4),
(230, '1112114352', 'RIO KURNIA RAMDHAN', 'Bandung, 23 Februari 1995', 8, 4),
(231, '1213114767', 'RISTI RAGADHITA', 'Bandung, 26 April 1997', 8, 4),
(232, '1213114768', 'RIZAL FIRDAUS', 'Bandung, 14 November 1996', 8, 4),
(233, '1213114769', 'SATRIA WIDI', 'Bandung, 29 Juni 1997', 8, 4),
(234, '1213114770', 'SHAFNA SHAFIRA FAIZAL', 'Bandung, 2 Oktober 1997', 8, 4),
(235, '1213114771', 'SIFA MARCELLA FARDHANI', 'Bandung, 21 Maret 1997', 8, 4),
(236, '1213114772', 'SIHABUDIN AGUNG MAULANA', 'Bandung, 21 Juli 1997', 8, 4),
(237, '1213114773', 'SUTOPO SEPTO HADI', 'Bandung, 24 September 1996', 8, 4),
(238, '1213114774', 'TIO SETIAWAN HIDAYAT', 'Bandung, 9 Desember 1996', 8, 4),
(239, '1213114775', 'TRI HILMAN NURYAHYA', 'Bandung, 14 Maret 1997', 8, 4),
(240, '1213114776', 'UBAIDILLAH AL RASYID', 'Pekanbaru, 3 Juli 1997', 8, 4),
(241, '1213114777', 'ULFI ZAHRA FAUZIYAH', 'Kuningan, 8 Oktober 1996', 8, 4),
(242, '1213114778', 'WAHYU SETIAWAN', 'Bandung, 11 Januari 1998', 8, 4),
(243, '1213114779', 'WIKI WIGUNA', 'Bandung, 21 Desember 1996', 8, 4),
(244, '1213114780', 'YOGA PRADANA PUTRA', 'Cilacap, 5 Agustus 1997', 8, 4),
(245, '1213114781', 'ABDUL SALAM', 'Bandung, 12 November 1996', 9, 5),
(246, '1213114782', 'ADITIYA NUGRAHA', 'Bandung, 24 Maret 1997', 9, 5),
(247, '1213114783', 'ADITYA LISHADI PRATAMA', 'Yogyakarta, 10 September 1997', 9, 5),
(248, '1213114784', 'ANDRE RESHNA FADHILAH', 'Bandung, 28 Mei 1997', 9, 5),
(249, '1213114785', 'ANDRIYAN MAULANA', 'Bandung, 6 Agustus 1997', 9, 5),
(250, '1213114786', 'ARI RAMADHANI', 'Bandung, 20 Januari 1998', 9, 5),
(251, '1213114787', 'ARIA FRENZANO ALIFIO MUHAMMAD', 'Bandung, 14 November 1997', 9, 5),
(252, '1213114928', 'ARRIVAL DWI SENTOSA', 'Bandung, 30 Agustus 1997', 9, 5),
(253, '1213114788', 'AYU AMELIA', 'Bandung, 8 September 1997', 9, 5),
(254, '1213114789', 'DEAN RIKRIK ICHSAN H', 'Sumedang, 19 April 1997', 9, 5),
(255, '1213114790', 'DENNY MUBAROQ OCTAVIAN', 'Bandung, 27 Oktober 1998', 9, 5),
(256, '1213114791', 'DEWI NUR MAYANG SARI', 'Bandung, 14 Januari 1997', 9, 5),
(257, '1213114792', 'EDHITA RAHMA RIZKYA', 'Bandung, 15 Mei 1997', 9, 5),
(258, '1213114793', 'FAHMI ANANDA PRADANA', 'Bandung, 28 Juni 1997', 9, 5),
(259, '1213114794', 'FITRI KURNIASIH', 'Bandung, 23 Januari 1998', 9, 5),
(260, '1213114795', 'GOVINDA AKHMAD N', 'Bandung, 10 Juli 1997', 9, 5),
(261, '1213114796', 'HADI ARIFIN', 'Bandung, 14 September 1997', 9, 5),
(262, '1213114797', 'HANIFAH RACHMAWATI', 'Bandung, 15 Desember 1996', 9, 5),
(263, '1213114798', 'IHSAN SULAEMAN', 'Bandung, 24 November 1996', 9, 5),
(264, '1213114799', 'KEVIN CANDRA SETIAWAN', 'Bandung, 18 Desember 1997', 9, 5),
(265, '1213114800', 'MOCHAMAD DEBAN AZARIA', 'Sumedang, 1 Juni 1997', 9, 5),
(266, '1213114802', 'MOH GAN GAN ALFARIZI', 'Bandung, 22 Mei 1997', 9, 5),
(267, '1213114801', 'MOHAMAD FIKRI ZULFIKAR', 'Bandung, 30 November 1996', 9, 5),
(268, '1213114804', 'MUHAMMAD ADRYAN PRATAMA', 'Bandung, 11 Desember 1996', 9, 5),
(269, '1213114803', 'MUHAMMAD ERVINSYAH', 'Bandung, 14 Februari 1997', 9, 5),
(270, '1213114805', 'RADEN GHINA NOVIANTI', 'Bandung, 24 November 1996', 9, 5),
(271, '1213114806', 'RADIET BILLAHIRABBA', 'Bandung, 3 Juni 1997', 9, 5),
(272, '1213114807', 'REZA WAHYU GUMILAR', 'Bandung, 19 Desember 1996', 9, 5),
(273, '1213114808', 'RIANA ASTIAWATI YUSNIA', 'Bandung, 29 Desember 1996', 9, 5),
(274, '1213114809', 'RIO HERPIYAN ADITYA SANUSI', 'Bandung, 1 Juli 1997', 9, 5),
(275, '1213114810', 'RONI JUNIYANTO', 'Karang anyar, 24 Juni 1997', 9, 5),
(276, '1213114811', 'SALMA ZETIRA HALBIA', 'Bandung, 3 Juli 1997', 9, 5),
(277, '1213114812', 'SANDI RAHAYU', 'Garut, 4 Mei 1996', 9, 5),
(278, '1213114813', 'SRI RAHAYU N.', 'Bandung, 16 Juni 1998', 9, 5),
(279, '1213114814', 'SYAFWAN IQBAL FAUZI', 'Bandung, 23 April 1997', 9, 5),
(280, '1213114815', 'SYAMSUL MAARIF', 'Bandung, 22 Maret 1997', 9, 5),
(281, '1213114816', 'WILDAN DARISSALAM', 'Bandung, 17 Desember 1996', 9, 5),
(282, '1213114817', 'YANDI MAJID FATAH', 'Bandung, 6 Maret 1997', 9, 5),
(283, '1213114818', 'ADI ZAUNI TAUFIQ', 'Bandung, 23 September 1997', 10, 5),
(284, '1213114819', 'ANDRI BUDI SANTOSO', 'Bandung, 6 Juni 1997', 10, 5),
(285, '1213114820', 'AULIA RAKHMAN ', 'Bandung, 12 Desember 1996', 10, 5),
(286, '1213114821', 'DANIL BAHARI', 'Bandung, 25 Januari 1996', 10, 5),
(287, '1213114822', 'EKO LISTIANTO', 'Bandung, 24 Maret 1997', 10, 5),
(288, '1213114823', 'FADJAR NOER SHIDDIQ', 'Bandung, 7 Desember 1996', 10, 5),
(289, '1213114824', 'FAIZAL FERNANDA', 'Pandeglang, 14 Oktober 1995', 10, 5),
(290, '1213114825', 'FARIDA RIZQI LESTARI', 'Sukoharjo, 19 Desember 1997', 10, 5),
(291, '1213114826', 'FATWA MUCHAMMAD ABDILLAH', 'Bandung, 7 Januari 1997', 10, 5),
(292, '1213114827', 'GALUH PUTRA SANTYARA', 'Bandung, 13 Februari 1997', 10, 5),
(293, '1112114448', 'GIANDA CIPUTRA', 'Bandung, 16 Januari 1996', 10, 5),
(294, '1213114828', 'GUNTUR EFFENDI SOBARI', 'Bandung, 27 November 1996', 10, 5),
(295, '1213114829', 'HANNA TSANIYA TSUWWIBA', 'Bandung, 17 Februari 1997', 10, 5),
(296, '1213114831', 'IKA FITRI NURYANTI', 'Kebumen, 14 Februari 1997', 10, 5),
(297, '1213114832', 'MAULID VIRGIA RACHMAN', 'Bandung, 11 Juli 1997', 10, 5),
(298, '1213114833', 'MICHAEL ADIANSYAH N.', 'Bandung, 25 November 1996', 10, 5),
(299, '1213114834', 'MOCHAMAD FIQRI AL MUHAFIZD', 'Bandung, 8 September 1997', 10, 5),
(300, '1213114835', 'MOHAMAD IKHSAN ZULFADLY', 'Bandung, 7 September 1997', 10, 5),
(301, '1213114836', 'MUHAMAD REZA KURNIA', 'Bandung, 2 Juli 1997', 10, 5),
(302, '1213114837', 'MUHAMMAD MUKHSIN', 'Bandung, 20 Februari 1997', 10, 5),
(303, '1213114838', 'MUHAMMAD RIZKY RAMADHAN', 'Bandung, 23 Januari 1998', 10, 5),
(304, '1213114839', 'MUHAMMAD YUEDHITIA', 'Bandung, 9 Juni 1997', 10, 5),
(305, '1213114840', 'NINA MARTILA', 'Sukoharjo, 7 Maret 1996', 10, 5),
(306, '1213114841', 'PANJI RAHMAN', 'Bandung, 16 April 1997', 10, 5),
(307, '1213114842', 'RADEN RANGGA PRAKASA RAMDHANA', 'Bekasi, 2 Februari 1997', 10, 5),
(308, '1213114843', 'SAHRUL RAMADHAN', 'Bandung, 15 Oktober 1997', 10, 5),
(309, '1213114844', 'SANI HARTAMAN', 'Bandung, 8 Juni 1997', 10, 5),
(310, '1213114845', 'SEPTIAN HIDAYATULLAH', 'Bandung, 25 September 1997', 10, 5),
(311, '1213114846', 'SINTA KRISMAHANI SETIAWAN', 'Tasikmalaya, 24 April 1997', 10, 5),
(312, '1213114847', 'SONNY SEPTIANSYAH', 'Bandung, 8 Oktober 1997', 10, 5),
(313, '1213114848', 'SYAHRUL SATURA', 'Bandung, 18 September 1997', 10, 5),
(314, '1213114849', 'TERRYUS GUNAWAN', 'Bandung, 16 September 1995', 10, 5),
(315, '1213114850', 'TONDI SUDARYO', 'Bandung, 20 Juni 1997', 10, 5),
(316, '1213114851', 'TUBAGUS MUSYAFFA', 'Bandung, 7 Februari 1997', 10, 5),
(317, '1213114852', 'YADI SURYAHADI', 'Bandung, 29 April 1997', 10, 5),
(318, '1213114853', 'YUMA MAULANA', 'Bandung, 24 Juli 1997', 10, 5),
(319, '1213114855', 'ALI QORNAN JAISYURRAHMAN', 'Bandung, 29 November 1997', 11, 5),
(320, '1213114857', 'BONNI PRATAMA NUGRAHA', 'Bandung, 3 November 1996', 11, 5),
(321, '1213114858', 'DIKA PRANANDA PUTRA', 'Bandung, 3 Mei 1997', 11, 5),
(322, '1213114859', 'DYCA TRI PUTRA', 'Bandung, 26 Juli 1997', 11, 5),
(323, '1213114860', 'EDWIN GILANG PRATAMA', 'Bandung, 29 Maret 1997', 11, 5),
(324, '1213114861', 'FAJAR MAULANA', 'Bandung, 22 Januari 1997', 11, 5),
(325, '1213114862', 'FARHAN FATHIA ANDRIAWAN', 'Bandung, 13 November 1997', 11, 5),
(326, '1213114863', 'GERAL OKTA PRALINGGA', 'Bandung, 27 Oktober 1996', 11, 5),
(327, '1213114864', 'HADI APRYANA SAEFUL ROHMAN', 'Bandung, 25 April 1997', 11, 5),
(328, '1213114865', 'HILMAN FAISAL RAMADHAN', 'Bandung, 23 Januari 1997', 11, 5),
(329, '1213114866', 'INTAN NURJANAH', 'Bandung, 19 Juli 1997', 11, 5),
(330, '1213114867', 'JASMINE NURUL RIZKI', 'Bandung, 29 Juli 1997', 11, 5),
(331, '1213114868', 'JULYAN WIDIANTO', 'Kebumen, 25 Juli 1997', 11, 5),
(332, '1213114870', 'LUTFI ABDILLAH INARNO', 'Bandung, 23 Agustus 1997', 11, 5),
(333, '1213114871', 'MIRAZ NASAHOR', 'Bandung, 17 Juni 1997', 11, 5),
(334, '1213114872', 'MOCHAMAD RESTU FAUZY', 'Sukabumi, 23 September 1997', 11, 5),
(335, '1213114873', 'MOCHAMAD TEGAR PRABOWO', 'Bandunng, 18 Juni 1997', 11, 5),
(336, '1213114874', 'MUHAMMAD BANDUNG RADEA', 'Bandung, 21 September 1996', 11, 5),
(337, '1213114875', 'MUMAMMAD ICHSAN ADLIANSYAH', 'Bandung, 22 Februari 1997', 11, 5),
(338, '1213114876', 'REVIAN ADIPUTRA WAHYUDI', 'Bandung, 4 Januari 1997', 11, 5),
(339, '1213114877', 'RICKY SUBAGJA', 'Bandung, 17 Oktober 1997', 11, 5),
(340, '1213114878', 'RIFKI ACHMAD FAISHAL', 'Bandung, 11 November 1997', 11, 5),
(341, '1213114879', 'RIZKY SENJA BUDIMAN', 'Bandung, 25 September 1997', 11, 5),
(342, '1213114880', 'ROBBY NUGRAHA SOENDARA PUTRA', 'Bandung, 28 Mei 1997', 11, 5),
(343, '1213114881', 'ROHMAT NURSALAM', 'Bandung, 19 Februari 1998', 11, 5),
(344, '1213114882', 'SAKARENA JULIA SUTIA RASIDI', 'Bandung, 13 Juli 1996', 11, 5),
(345, '1213114883', 'SILMA NURUL FITRIANI', 'Garut, 8 Maret 1995', 11, 5),
(346, '1213114884', 'TANTI SULISTYANI', 'Bandung, 21 Februari 1997', 11, 5),
(347, '1213114885', 'TAUFIQ ABDUL ROHMAN SALEH', 'Bandung, 26 Maret 1997', 11, 5),
(348, '1213114886', 'THORIQ AINILHUSEIN', 'Bandung, 31 Oktober 1997', 11, 5),
(349, '1213114887', 'TONI FIRMANSYAH', 'Bandung, 2 Juli 1997', 11, 5),
(350, '1213114888', 'TRI ADI PUTRA', 'Bandung, 16 Februari 1997', 11, 5),
(351, '1213114889', 'WILDA AZIS PRATAMA', 'Klaten, 2 Agustus 1997', 11, 5),
(352, '1213114890', 'YUDHA MEGANTARA', 'Bandung, 2 Desember 1996', 11, 5),
(353, '1213114891', 'AGIL DARISALAM', 'Bandung, 1 Agustus 1996', 12, 6),
(354, '1213114892', ' ALDI MAULANA', 'Bandung, 26 Juli 1997', 12, 6),
(355, '1213114893', ' ANGGA LUGINA', 'Bandung, 30 Mei 1996', 12, 6),
(356, '1213114894', ' ARI AMAS ANSHORU', 'Bandung, 10 Mei 1997', 12, 6),
(357, '1213114895', 'ASEP NURIMAN', 'Bandung, 25 Mei 1996', 12, 6),
(358, '1213114896', 'DEVI WULANDARI', 'Bandung, 15 Desember 1996', 12, 6),
(359, '1213114897', ' DEVIANTI SARASWATI IBRAHIM', 'Bandung, 21 Juni 1996', 12, 6),
(360, '1213114898', 'EGGY BINTANG NUGRAHA', 'Bandung, 23 Mei 1997', 12, 6),
(361, '1213114899', 'FAJAR MAULANA AKBAR', 'Bandung, 4 Agustus 1997', 12, 6),
(362, '1213114900', 'ILHAM AGUNG PERMANA', 'Bandung, 26 Maret 1997', 12, 6),
(363, '1213114901', 'ILHAM WIJAYA HARTANA', 'Bandung, 8 Desember 1997', 12, 6),
(364, '1213114902', 'IQBAL HAMBALI', 'Bandung, 6 Juni 1997', 12, 6),
(365, '1213114903', 'IRHAM FAUZAN', 'Bandung, 14 Juni 1997', 12, 6),
(366, '1213114904', 'IRVAN QADRI', 'Bandung, 13 Januari 1997', 12, 6),
(367, '1213114905', 'JUDITH MEGA RAKHMA', 'Bandung, 1 Desember 1997', 12, 6),
(368, '1213114906', 'KEMAS MUHAMMAD NAUVAL FIRDAUS', 'Bandung, 18 November 1997', 12, 6),
(369, '1213114907', 'LASYIFA', 'Bandung, 12 September 1997', 12, 6),
(370, '1213114908', 'MANCARA RAHAJENG', 'Bandung, 2 Maret 1997', 12, 6),
(371, '1213114909', 'MUHAMAD ALDI FERDIANSYAH', 'Bandung, 18 Februari 1997', 12, 6),
(372, '1213114911', 'MUHAMMAD ALDIANSYAH ZEIN', 'Bandung, 3 Agustus 1997', 12, 6),
(373, '1213114910', 'MUHAMMAD DHIYA ULHAQQ', 'Bandung, 23 Desember 1996', 12, 6),
(374, '1213114912', 'MUHAMMAD FADLI ABDURROSYID', 'Bandung, 11 Mei 1997', 12, 6),
(375, '1112114498', 'MUHAMMAD YUSUF ', 'Bandung, 22 Mei 1995', 12, 6),
(376, '1213114913', 'NADIA SALSABILLA', 'Bandung, 21 Februari 1997', 12, 6),
(377, '1213114914', 'NADIN SYLVA OLIVIA', 'Bandung, 1 Agustus 1998', 12, 6),
(378, '1213114915', 'NISA MAULIDIA NABILA', 'Bandung, 9 Juli 1997', 12, 6),
(379, '1213114916', 'QUDROTUL ICHSAN SAPUTRA', 'Bandung, 11 Agustus 1997', 12, 6),
(380, '1213114917', 'RAHMAD RIZKI', 'Bandung , 5 November 1997', 12, 6),
(381, '1213114918', 'RAHMAT HIDAYAT', 'Bandung, 18 Oktober 1996', 12, 6),
(382, '1213114920', 'RIDHO FATHURRAHMAN', 'Bandung, 28 Maret 1997', 12, 6),
(383, '1213114921', 'RIO  NOVIRDIAN ABISHAH PUTRA', 'Tasikmalaya, 8 November 1996', 12, 6),
(384, '1213114922', 'SEMARA RASMARANI AGUSTINO', 'Bandung, 11 Agustus 1997', 12, 6),
(385, '1213114923', 'SITA MEIRETA PUTRI', 'Bandung, 5 Mei 1997', 12, 6),
(386, '1213114925', 'YUDI JUNAEDI PURNAMA SIDIK', 'Bandung, 3 Oktober 1997', 12, 6),
(387, '1213114926', 'ZULFA AZZAHRA', 'Bandung, 1 April 1997', 12, 6);

--
-- Indexes for dumped tables
--

--
-- Indexes for table `t_jurusan`
--
ALTER TABLE `t_jurusan`
  ADD PRIMARY KEY (`id_jurusan`),
  ADD KEY `id_jurusan` (`id_jurusan`);

--
-- Indexes for table `t_kelas`
--
ALTER TABLE `t_kelas`
  ADD PRIMARY KEY (`id_kelas`),
  ADD KEY `id_kelas` (`id_kelas`);

--
-- Indexes for table `t_matpel`
--
ALTER TABLE `t_matpel`
  ADD PRIMARY KEY (`id_matpel`);

--
-- Indexes for table `t_nilai`
--
ALTER TABLE `t_nilai`
  ADD PRIMARY KEY (`id_nilai`),
  ADD KEY `nis` (`nis`);

--
-- Indexes for table `t_nilaisiswa`
--
ALTER TABLE `t_nilaisiswa`
  ADD PRIMARY KEY (`nis`);

--
-- Indexes for table `t_siswa`
--
ALTER TABLE `t_siswa`
  ADD PRIMARY KEY (`id_siswa`,`nis`),
  ADD KEY `id_kelas` (`id_kelas`),
  ADD KEY `id_jurusan` (`id_jurusan`),
  ADD KEY `nis` (`nis`);

--
-- AUTO_INCREMENT for dumped tables
--

--
-- AUTO_INCREMENT for table `t_jurusan`
--
ALTER TABLE `t_jurusan`
  MODIFY `id_jurusan` int(11) NOT NULL AUTO_INCREMENT, AUTO_INCREMENT=7;
--
-- AUTO_INCREMENT for table `t_kelas`
--
ALTER TABLE `t_kelas`
  MODIFY `id_kelas` int(11) NOT NULL AUTO_INCREMENT, AUTO_INCREMENT=13;
--
-- AUTO_INCREMENT for table `t_matpel`
--
ALTER TABLE `t_matpel`
  MODIFY `id_matpel` int(11) NOT NULL AUTO_INCREMENT;
--
-- AUTO_INCREMENT for table `t_nilai`
--
ALTER TABLE `t_nilai`
  MODIFY `id_nilai` int(11) NOT NULL AUTO_INCREMENT, AUTO_INCREMENT=386;
--
-- AUTO_INCREMENT for table `t_siswa`
--
ALTER TABLE `t_siswa`
  MODIFY `id_siswa` int(11) NOT NULL AUTO_INCREMENT, AUTO_INCREMENT=388;
--
-- Constraints for dumped tables
--

--
-- Constraints for table `t_nilai`
--
ALTER TABLE `t_nilai`
  ADD CONSTRAINT `t_nilai_ibfk_1` FOREIGN KEY (`nis`) REFERENCES `t_siswa` (`nis`);

--
-- Constraints for table `t_siswa`
--
ALTER TABLE `t_siswa`
  ADD CONSTRAINT `t_siswa_ibfk_1` FOREIGN KEY (`id_jurusan`) REFERENCES `t_jurusan` (`id_jurusan`),
  ADD CONSTRAINT `t_siswa_ibfk_2` FOREIGN KEY (`id_kelas`) REFERENCES `t_kelas` (`id_kelas`);

/*!40101 SET CHARACTER_SET_CLIENT=@OLD_CHARACTER_SET_CLIENT */;
/*!40101 SET CHARACTER_SET_RESULTS=@OLD_CHARACTER_SET_RESULTS */;
/*!40101 SET COLLATION_CONNECTION=@OLD_COLLATION_CONNECTION */;
